text,Poor quality: nothing,Reliability,Machines,Ease of use,No issues,Location,Customer Service,Good deals,Ease of betting,Service Efficiency,Atmosphere,Clean and comfortable,Fast payouts,Smooth process,Friendly & Helpful Staff,Trust and Reliability,Cleanliness,Winning outcomes & perceptions of winning odds,Good odds,Other,Country,Age,Brand
Overall the customer service was great,,,,,,,,,,,,,,1,,,,,,,IR,Over 35,Boyle Sports
Good atmosphere ,,,,,,,,,,,1,,,,,,,,,,UK,Over 35,Ladbrokes
just a good experience,,,,,,,,,,,1,,,,,,,,,,IR,Over 35,Paddy Power
I won,,,,,,,,,,,,,,,,,,1,,,IR,Over 35,Paddy Power
Good service and friendly staff ,,,,,,,,,,,,,,,1,,,,,,IR,Over 35,Paddy Power
They are the best around ,,,,,,,1,,,,,,,,,,,,,,IR,Over 35,Paddy Power
"Simple to use, staff very nice",,,,1,,,,,,,,,,,1,,,,,,IR,Over 35,Boyle Sports
Pleasant atmosphere with a very friendly and helpful staff,,,,,,,,,,,1,,,,1,,,,,,IR,Over 35,Boyle Sports
A good experience with friendly staff.,,,,,,,,,,,,,,,1,,,,,,IR,Over 35,Boyle Sports
"I have been a regular customers of boylsport for many years, and they always provide good quality of service ",,,,,,,1,,,,,,,,,,,,,,IR,Over 35,Boyle Sports
did not have to queue friendly staff,,,,,,,,,,,,,,,1,,,,,,UK,Over 35,Coral
Staff very good would have given higher score but some customers think they own the place,,,,,,,,,,,,,,,1,,,,,,UK,Over 35,Coral
I won a decent amount ,,,,,,,,,,,,,,,,,,1,,,UK,Over 35,Betfred
Good odds,,,,,,,,,,,,,,,,,,,1,,UK,Over 35,Paddy Power
Good betting shop to use.,,,,,,,,,1,,,,,,,,,,1,,IR,Over 35,Ladbrokes
Very friendly staff and nice shop to place your bets with quality customer service ,,,,,,,,,1,,,,,,1,,,,1,,IR,Over 35,Boyle Sports
I was satisfied with customer service. ,,,,,,,1,,,,,,,,,,,,,,IR,Over 35,Boyle Sports
Great offers and ,,,,,,,1,1,,,,,,,,,,,,,IR,Over 35,Boyle Sports
"Plenty of machines available to place sports bet, store was tidy ",,,1,,,,,,,,,,,,,,,,,,IR,Over 35,Boyle Sports
clean shop and pleasant staff,,,,,,,,,,,1,1,,,1,,1,,,,IR,Over 35,Paddy Power
Everything was fine ,1,,,,1,,,,,,,,,1,,,,,,,IR,Over 35,Paddy Power
good odds,,,,,,,,,,,,,,,,,,,1,,IR,Under 35,Boyle Sports
Good customer service ,,,,,,,1,,,,,,,,,,,,,,IR,Over 35,Paddy Power
Local book makers. Easy to make a bet never had any problems ,,,,,,,,,1,,,,,,,,,,,,IR,Under 35,Boyle Sports
It’s good ,,,,,,,1,,,,,,,,,,,,,,UK,Under 35,Betfred
"I WALKED IN AND PLACED A BET.IT WAS QUICK AND CONVIENENET,THATS ALL I NEED",,,,,,,,,,,,,,,,,,,,1,UK,Over 35,Ladbrokes
Personal feelings ,1,,,,,,,,,,,,,,,,,,,,UK,Over 35,Betfred
GRETA RATES,,,,,,,,,,,,,,,,,,,,1,UK,Over 35,Paddy Power
Staff are polite and friendly. Good odds. They set gambling limits. ,,,,,,,,,,,,,,,1,,,,1,,UK,Over 35,Betfred
Easy to bet and see prices and form,,,,1,,,,,1,,,,,,,,,,,,IR,Over 35,Boyle Sports
Very helpful ,,,,1,,,1,,,1,,,,,,,,,,,IR,Over 35,Paddy Power
Good customer service ,,,,,,,1,,,,,,,,,,,,,,IR,Over 35,Boyle Sports
Was an okay experience ,,,,,,,1,,,,,,,,,,,,,,IR,Over 35,Paddy Power
Easy to place bet. Clean shop,,,,1,,,,,1,,,,,,,,1,,,,IR,Over 35,Paddy Power
It was easy to place a bet and the distance was very convenient for me and environment and customer service was brilliant ,,,,1,,,,,1,,1,,,,,,,,,,IR,Over 35,Boyle Sports
Good service ,,,,1,,,,,,1,,1,,,,,,,,,IR,Under 35,Paddy Power
"It ticked all my boxes for me eg service, attention and delivery  when one is lucky enough ",,,,,,,1,,,,,,,,,,,,,,IR,Over 35,Paddy Power
2 TREBLES THAT CAME UP FOR ME.,,,,,,,,,,,,,,,,,,1,,1,UK,Over 35,Coral
The place was clean and the staff were friendly,,,,,,,,,,,,1,,,1,,1,,,,IR,Over 35,Boyle Sports
Good service ,,,,1,,,,,,1,,1,,,,,,,,,IR,Over 35,Ladbrokes
Good service ,,,,1,,,,,,1,,1,,,,,,,,,IR,Over 35,Ladbrokes
Quick  to pay  out ,,,,,,,,,,,,,1,,,,,,,,IR,Over 35,Boyle Sports
efficient staff - easy to put bets on -,,,,,,,,,1,,,,,,1,,,,,,UK,Over 35,Betfred
It's easy to make a bet. There are many types of bets to make. There is information available to help you make a more informed bet.  ,,,,,,,,,,,,,,,,,,,,1,UK,Under 35,Paddy Power
No problems at all great shop,,,,,1,,1,,,,,,,,,,,,,,UK,Over 35,Ladbrokes
Never had problem on pay out,,,,,1,,,,,,,,,,,,,,,,IR,Over 35,Paddy Power
they offer everything I need in one place ,,,,,,1,1,,,,,,,,,,,,,,UK,Over 35,Ladbrokes
"I like Paddy Power, good odds. Irish brand",,,,,,,,,,,,,,,,,,,1,,IR,Over 35,Paddy Power
Easier to use,,,,1,,,,,,,,,,,,,,,,,UK,Over 35,Paddy Power
nice clean shops with friendly staff,,,,,,,,,,,,,,,1,,,,,,UK,Over 35,Ladbrokes
They offer good odds and bonuses,,,,,,,,,,,,,1,,,,,,1,,UK,Over 35,Betfred
Excellent range of bets,,,,,,,,,,,,,,,,,,,1,,UK,Over 35,Ladbrokes
Great staff,,,,,,,,,,,,,,,1,,,,,,UK,Over 35,Ladbrokes
it was uick and  helpful,,,,1,,,,,,,,,,1,,,,,,,UK,Over 35,Coral
"Great atmosphere, customer service ",,,,,,,,,,,1,,,,,,,,,,IR,Over 35,Paddy Power
"Won money, great in store atmosphere, all the information needed in store to study form and guide you to your betting choice.",,,,,,,,,,,1,,,,,,,,,,IR,Over 35,Paddy Power
I won,,,,,,,,,,,,,,,,,,1,,,UK,Over 35,Paddy Power
No issues ,1,,,,1,,,,,,,,,,,,,,,,UK,Over 35,Ladbrokes
Excellent service ,,,,1,,,,,,1,,1,,1,,,,,,,IR,Over 35,Ladbrokes
Good information displayed which was helpful ,,,,,,,1,,,,,,,,,,,,,,IR,Over 35,Paddy Power
Friendly staff ,,,,,,,,,,,,,,,1,,,,,,IR,Over 35,Ladbrokes
outwin,,,,,,,,,,,,,,,,,,1,,,IR,Over 35,Boyle Sports
There are many people playing,,,,,,,,,,,,,,,,,,,,1,IR,Over 35,Paddy Power
Love it,,,,,,,,,,,,,,,,,,,,1,IR,Over 35,Ladbrokes
low-stress,,,,,,,,,,,,,,1,,,,,,,IR,Over 35,Ladbrokes
outwin,,,,,,,,,,,,,,,,,,1,,,IR,Over 35,Boyle Sports
Believe it can win,,,,,,,,,,,,,,,,,,1,,,IR,Over 35,Boyle Sports
Love it,,,,,,,,,,,,,,,,,,,,1,IR,Over 35,Boyle Sports
low-stress,,,,,,,,,,,,,,1,,,,,,,IR,Over 35,Paddy Power
outwin,,,,,,,,,,,,,,,,,,1,,,IR,Over 35,Boyle Sports
Have a discount,,,,,,,,1,,,,,,,,,,,,,IR,Over 35,Boyle Sports
low-stress,,,,,,,,,,,,,,1,,,,,,,IR,Over 35,Boyle Sports
Believe it can win,,,,,,,,,,,,,,,,,,1,,,IR,Over 35,Boyle Sports
cheap,,,,,,,,,,,,,,,,,,,,1,IR,Over 35,Paddy Power
Have a discount,,,,,,,,1,,,,,,,,,,,,,IR,Over 35,Boyle Sports
Simple love,,,,,,,,,,,,,,,,,,,,1,IR,Over 35,Ladbrokes
cheap,,,,,,,,,,,,,,,,,,,,1,IR,Over 35,Boyle Sports
outwin,,,,,,,,,,,,,,,,,,1,,,IR,Over 35,Ladbrokes
Like this... brand,,,,,,,,,,,,,,,,,,,,1,IR,Over 35,Ladbrokes
Have a discount,,,,,,,,1,,,,,,,,,,,,,IR,Over 35,Boyle Sports
Ladbrokes offers a wide range of betting options,,,,,,,,,,,,,,,,,,,,1,IR,Over 35,Ladbrokes
"Good staff, I won, big screens ",,,,,,,,,,,,,,,1,,,,,,IR,Over 35,Ladbrokes
"Great facilities, great cleanliness and great staff",,,,,,,,,,,,1,,,1,,1,,,,IR,Over 35,Paddy Power
spraíúil,,,,,,,,,,,,,,,,,,,,1,IR,Under 35,Ladbrokes
Good bets,,,,,,,,,,,,,,,,,,,1,,IR,Under 35,Paddy Power
The winner's experience is good,,,,,,,1,,,,,,,,,,,1,,,IR,Over 35,Paddy Power
This website use performances ,,,,,,,,,,,,,,,,,,,,1,IR,Over 35,Ladbrokes
Tá payouts tapa,,,,,,,,,,,,,,,,,,,,1,IR,Over 35,Paddy Power
Go leor le himirt,,,,,,,,,,,,,,,,,,,,1,IR,Over 35,Ladbrokes
"Safety, comfort, space",,,,,,,,,,,1,,,,,,1,,,,IR,Under 35,Ladbrokes
the customer service was great staff were very good,,,,,,,,,,,,,,,1,,,,,,IR,Over 35,Boyle Sports
Friendly staff and nice stores,,,,,,,,,,,,,,,1,,,,,,IR,Under 35,Paddy Power
Friendly staff,,,,1,,,,,,,,,,,1,,,,,,IR,Over 35,Paddy Power
They are good,,,,,,,1,,,,,,,,,,,,,,IR,Over 35,Paddy Power
Made my bets and left no probs,,,,,,,,,1,,,,,,,,,,,,UK,Over 35,Paddy Power
8t was easy to place a bet and the customer  service  was friendly ,,,,1,,,,,1,,,,,,,,,,,,UK,Over 35,Paddy Power
i won my bet,,,,,,,,,,,,,,,,,,1,,,UK,Over 35,Coral
Friendly staff and easy to place a bet,,,,1,,,,,1,,,,,,1,,,,1,,UK,Over 35,Ladbrokes
It is a very enjoyable experience betting there .,,,,,,,,,,,1,,,,,,,,,,UK,Over 35,Coral
It's convenient for me and is quite pleasant.,,,,,,1,,,,,1,,,,,,,,,,UK,Over 35,Ladbrokes
I like the whole place ,,,,,,,,,,,,1,,,,,,,,,UK,Over 35,Ladbrokes
Easy to use and find,,,,1,,,,,,,,,,,,,,,,,UK,Over 35,Ladbrokes
Good odds ,,,,,,,,,,,,,,,,,,,1,,IR,Under 35,Paddy Power
Staff very good ,,,,,,,,,,,,,,,1,,,,,,UK,Over 35,Coral
"Clean, well organised and welcoming shopsin my local town square",,,,,,,,,,,,,,,,,1,,,,IR,Over 35,Paddy Power
Friendly staff,,,,1,,,,,,,,,,,1,,,,,,UK,Over 35,Betfred
"Easy to find the odds on the race , small queue , freindly service ",,,,,,,,,,,,,,,,,,,1,,UK,Over 35,Paddy Power
Good odds and pleasant staff,,,,,,,,,,,1,,,,1,,,,1,,UK,Over 35,Paddy Power
"Very good competitive bets, good customer service, accessible.",,,,,,,1,,1,,,,,,,,,,1,,UK,Over 35,Paddy Power
Good shop with helpful friendly staff,,,,,,,,,,,1,,,,1,,,,,,UK,Over 35,Ladbrokes
Excellent service ,,,,1,,,,,,1,,1,,1,,,,,,,UK,Over 35,Coral
friendly enough staff,,,,,,,,,,,,,,,1,,,,,,UK,Over 35,Coral
It’s a good situation after all in the meantime I use it,,,,,,,1,,,,,,,,,,,,,,UK,Over 35,Coral
Good customer service ,,,,,,,1,,,,,,,,,,,,,,UK,Over 35,Ladbrokes
They satisfied my betting habit,,,,,,,,,,,,,,,,,,1,,,UK,Over 35,Coral
They are fair and offer good deals ,,,,,,,,1,,,,,,,,,,,,,UK,Over 35,Ladbrokes
Great customer service and always made to feel welcome ,,,,,,,1,,,,,,,,,,,,,,UK,Over 35,Coral
They have the best odds and pay out promptly.,,,,,,,,,,,,,1,,,,,,1,,UK,Over 35,Betfred
It was engaging and interactive enough to gain my attention ,,,,,,,,,,,1,,,,,,,,,,UK,Over 35,Paddy Power
Pleasant atmospere. Comfortable.,,,,,,,,,,,1,1,,,,,,,,,UK,Over 35,Ladbrokes
The bet was a win,,,,,,,,,,,,,,,,,,1,,,UK,Over 35,Ladbrokes
It is the only bookmaker near where i stay,,,,,,1,,,,,,,,,,,,,,,UK,Over 35,Ladbrokes
they offered good odds on the races I was interested in betting on,,,,,,,,,,,,,,,,,,,1,,UK,Over 35,Coral
"GREAT, FRIEN.DLY HELPFUL STAFF",,,,,,,,,,,,,,,1,,,,,,UK,Over 35,Ladbrokes
Simple and easy to use. Option that best matched my opinion ,,,,1,,,,,,,,,,,,,,,,,UK,Over 35,William Hill
Great customer service,,,,,,,1,,,,,,,,,,,,,,UK,Over 35,William Hill
Good odds,,,,,,,,,,,,,,,,,,,1,,UK,Over 35,Coral
It’s service,,,,,,,1,,,,,,,,,,,,,,UK,Under 35,Ladbrokes
Excellent customer service ,,,,,,,1,,,,,,,,,,,,,,UK,Over 35,Coral
Pleasant atmosphere,,,,,,,1,,,,1,,,,,,,,,,UK,Over 35,William Hill
Promotions,,,,,,,,1,,,,,,,,,,,,,UK,Under 35,William Hill
The shop was clean and the cashier helpful,,,,,,,,,,,,,,,,,1,,,,UK,Over 35,William Hill
I was un and out in a flash. Great service,,,,,,,1,,,,,,,,,,,,,,UK,Over 35,Ladbrokes
Long running & trustworthy ,,1,,,,,1,,,,,,,,,1,,,,,UK,Over 35,William Hill
Fun and easy,,,,1,,,,,,,1,,,,,,,,,,UK,Over 35,William Hill
Everything was as it should be,,,,,1,,,,,,,,,1,,,,,,,UK,Over 35,Ladbrokes
Welcoming and easy to place a bet.,,,,1,,,,,1,,,,,,,,,,,,UK,Over 35,William Hill
Quick service,,,,1,,,1,,,,,,,,,,,,,,UK,Over 35,Ladbrokes
they work well for me,,,,,,,,,,,,,,,,,,,,1,UK,Over 35,Betfred
Everything went as it should have.,,,,,,,,,,,,,,1,,,,,,,UK,Over 35,Coral
Friendly staff,,,,1,,,,,,,,,,,1,,,,,,UK,Under 35,Paddy Power
Friendly ,,,,1,,,,,,,,,,,,,,,,,UK,Over 35,Coral
Great odds,,,,,,,,,,,,,,,,,,,1,,UK,Under 35,Betfred
Friendly staff,,,,1,,,,,,,,,,,1,,,,,,UK,Over 35,William Hill
Yes the odds,,,,,,,,,,,,,,,,,,,1,,UK,Over 35,Betfred
Great customer service,,,,,,,1,,,,,,,,,,,,,,UK,Over 35,Paddy Power
I was in the local shop and was having an issue with my bet but the staff member was superb who really helped me ,,,,,,,,,,,,,,,1,,,,,,UK,Over 35,William Hill
Friendly staff,,,,1,,,,,,,,,,,1,,,,,,UK,Over 35,Ladbrokes
They offer decent odds and had no problems ,,,,,1,,1,,1,,,,,,,,,,1,,UK,Over 35,Ladbrokes
Good customer service,,,,,,,1,,,,,,,,,,,,,,UK,Over 35,Paddy Power
Their rating is highly competitive.,,,,,,,,,,,,,,,,,,,,1,UK,Over 35,Paddy Power
Convenient ,,,,1,,1,,,,1,,,,,,,,,,,UK,Under 35,Ladbrokes
I had a win ,,,,,,,,,,,,,,,,,,1,,,UK,Over 35,Betfred
I was able to easily cash my winnings ,,,,,,,,,1,,,,1,,,,,1,,,UK,Under 35,Paddy Power
Assistance offered by their staff,,,,,,,,,,,,,,,1,,,,,,IR,Over 35,Boyle Sports
Winning ,,,,,,,,,,,,,,,,,,1,,,UK,Over 35,William Hill
They are decent ,,,,,,,,,,,,,,,,,,,,1,UK,Under 35,Coral
I use the website. It was pretty easy.,,,,1,,,,,,,,,,,,,,,,,UK,Over 35,William Hill
The offers,,,,,,,,1,,,,,,,,,,,,,UK,Over 35,Paddy Power
it is a bit cluttered,,,,,,,,,,,,,,,,,,,,1,UK,Over 35,Betfred
The environment and the offered ,,,,,,,,,,,1,1,,,,,,,,,UK,Under 35,Paddy Power
Didn’t win,,,,,,,,,,,,,,,,,,1,,,UK,Over 35,William Hill
Very helpful staff re how to place certain bets,,,,,,,,,1,,,,,,1,,,,1,,UK,Over 35,Ladbrokes
"It's an ok place, just somewhere to place a bet",,,,,,,,,,,,,,,,,,,,1,UK,Over 35,Ladbrokes
Is good quality,,,,,,,1,,,,,,,,,,,,,,UK,Under 35,Paddy Power
It was easy to place a bet,,,,1,,,,,1,,,,,,,,,,,,UK,Over 35,Ladbrokes
Great staff and won bet,,,,,,,,,,,,,,,1,,,1,1,,UK,Over 35,Ladbrokes
Easy to understand roulette machines,,,,,,,,,,,,,,,,,,,,1,UK,Over 35,William Hill
They have the best rates available ,,,,,,,1,1,,,,,,,,,,,,,UK,Under 35,Ladbrokes
because william hill has good odds and bonus,,,,,,,,,,,,,,,,,,,1,,UK,Over 35,William Hill
Was an excellent overall experience ,,,,,,,,,,,,1,,1,,,,,,,UK,Under 35,William Hill
Like I expressed before the odds were better as compared with the many other brands,,,,,,,,,,,,,,,,,,,1,,UK,Over 35,Paddy Power
"It was organised, clinical, and efficient, yet I still find the brand welcoming and warm. ",,,,,,,1,,,,,,,,,,,,,,UK,Over 35,Paddy Power
Clean and easy access to terminals ,,,,1,,,1,,,,,,,,,,1,,,,UK,Over 35,Ladbrokes
Good options through out,,,,,,,1,,,,,,,,,,,,,,UK,Under 35,Betfred
"Great position at top ofg town square - easy to get to, very comfortable and good service",,,,,,,1,,,,1,1,,,,,,,,,IR,Over 35,Paddy Power
The poor services ,,,,,,,1,,,,,,,,,,,,,,UK,Over 35,Betfred
Served quickly,,,,1,,,1,,,,,,,,,,,,,,UK,Over 35,William Hill
Good experience with no issues,,,,,1,,1,,,,,,,,,,,,,,UK,Over 35,William Hill
I won the grand national ,,,,,,,,,,,,,,,,,,1,,,UK,Over 35,Ladbrokes
There's enough but not too much ,,,,,,,,,,,,,,,,,,,,1,UK,Over 35,Coral
No issues,,,,,1,,,,,,,,,,,,,,,,UK,Over 35,Coral
i like the atmosphere in paddy power,,,,,,,,,,,1,,,,,,,,,,UK,Under 35,Paddy Power
liked the odds and variety of bets u can place,,,,,,,,,1,,,,,,,,,,1,,IR,Over 35,Paddy Power
The service was quick ,,,,1,,,,,,,,,,,,,,,,,UK,Over 35,Ladbrokes
Good odds,,,,,,,,,,,,,,,,,,,1,,UK,Under 35,William Hill
Clean and friendly,,,,1,,,,,,,,1,,,,,1,,,,UK,Under 35,William Hill
Good service ,,,,1,,,,,,1,,1,,,,,,,,,UK,Over 35,Coral
Top brand new bets with promotions,,,,,,,,1,,,,,,,,,,,,,UK,Over 35,William Hill
Because they offered great odds on a bet I was looking to back ,,,,,,,,,,,,,,,,,,,1,,IR,Over 35,Paddy Power
NO PROBLEMS,,,,,1,,,,,,,,,,,,,,,,UK,Over 35,William Hill
types of bets and odds offered,,,,,,,,,,,,,,,,,,,1,,UK,Over 35,Paddy Power
Easy to accomplish and with fair odds.,,,,1,,,,,1,,,,,,,,,,1,,UK,Over 35,Ladbrokes
Nice enviornment,,,,,,,,,,,,1,,,,,,,,,UK,Over 35,Paddy Power
Easy to do my betting in a safe environment,,,,,,,,,1,,1,,,,,,,,,,UK,Over 35,William Hill
they offer the best odds,,,,,,,,,,,,,,,,,,,1,,UK,Over 35,Betfred
I go in the staff are good service they help if I need it.,,,,,,,,,,,,,,,1,,,,,,UK,Over 35,Betfred
Its a fun bran with good odds ,,,,,,,,,,,1,,,,,,,,1,,UK,Over 35,Paddy Power
It’s fine enough ,,,,,,,,,,,,,,,,,,,,1,UK,Under 35,Betfred
Great Environment ,,,,,,,1,,,,1,1,,,,,,,,,UK,Over 35,Paddy Power
It was comfortable and a welcoming place ,,,,,,,,,,,1,1,,1,,,,,,,UK,Over 35,Coral
Very good staff ,,,,,,,,,,,,1,,,1,,,,,,UK,Over 35,Betfred
It was empty ,,,,,,,,,,,,,,1,,,,,,,UK,Over 35,William Hill
I won.,,,,,,,,,,,,,,,,,,1,,,UK,Over 35,Ladbrokes
Good quality service. ,,1,,,,,,,,1,,,,,,1,,,,,UK,Over 35,Ladbrokes
Lovely helpful staff ,,,,,,,,,,,,,,,1,,,,,,UK,Over 35,William Hill
Brilliant service and helpful ,,,,,,,1,,,,,,,,,,,,,,UK,Over 35,Betfred
service was good but shop floor was dirty,,,,,,,1,,,,,,,,,,,,,,UK,Over 35,Betfred
Clean shop and efficient staff,,,,,,,,,,,,,,,1,,1,,,,UK,Over 35,William Hill
Relaxed place to enjoy sporting events,,,,,,,,,,,1,,,,,,,,,,UK,Over 35,Paddy Power
Good odds and I won.,,,,,,,,,,,,,,,,,,1,1,,UK,Over 35,Paddy Power
Easy and informative ,,,,1,,,1,,,,,,,,,,,,,,UK,Over 35,Coral
Fair,,,,,,,,,,,,,,,,,,,,1,UK,Over 35,William Hill
They are easy to navigate ,,,,1,,,,,,,,,,,,,,,,,UK,Over 35,Paddy Power
Had a couple of winners ,,,,,,,,,,,,,,,,,,1,,,UK,Over 35,Coral
Good odds ,,,,,,,,,,,,,,,,,,,1,,IR,Over 35,Paddy Power
"Did what I needed, nice and quick",,,,,,,,,,,,,,1,,,,,,,UK,Over 35,Ladbrokes
Customer service and cleanliness of store. ,,,,,,,,,,,,,,,,,1,,,,UK,Over 35,Ladbrokes
Because it was a good atmosphere. It was clean and had a toilet.,,,,,,,,,,,1,,,,,,1,,,,UK,Over 35,William Hill
Good customer service,,,,,,,1,,,,,,,,,,,,,,UK,Over 35,Paddy Power
"Clean shops, good odds, good atmosphere",,,,,,,,,,,1,,,,,,1,,,,UK,Over 35,Paddy Power
"i was assisted, helpful staff",,,,,,,,,,,,,,,1,,,,,,UK,Over 35,Coral
Visited shop to place bets on Grand National. Shop was so busy and there was a great vibe,,,,,,,,,,,1,,,,,,,,,,UK,Over 35,Betfred
Pleasant atmosphere and helpful staff,,,,,,,,,,,1,,,,1,,,,,,UK,Over 35,William Hill
Very good customer service standards ,,,,,,,1,,,,,,,,,,,,,,UK,Over 35,William Hill
Staff were great ,,,,,,,,,,,,,,,1,,,,,,UK,Over 35,Ladbrokes
They are a good shop good staff and everything carried out with ease,,,,,,,,,,,,,,,1,,,,,,UK,Over 35,Ladbrokes
Good odds. ,,,,,,,,,,,,,,,,,,,1,,UK,Over 35,William Hill
Good service,,,,1,,,,,,,,,,,,,,,,,UK,Under 35,Coral
it is a short walk from where I live. Staff are friendly,,,,,,1,,,,,,,,,1,,,,,,UK,Over 35,Ladbrokes
"They have good odds, customer service and offers ",,,,,,,,1,,,,,,,,,,,1,,UK,Under 35,Paddy Power
Good shops ,,,,,,,,,,,1,,,,,,,,,,UK,Over 35,Betfred
Good offers,,,,,,,,1,,,,,,,,,,,,,UK,Over 35,Paddy Power
Clarity ,,,,,,,,,,,,,,,,,1,,,,UK,Over 35,William Hill
Good choice and prices,,,,,,,1,1,,,,,,,,,,,,,UK,Over 35,Paddy Power
Nice atmosphere,,,,,,,,,,,1,,,,,,,,,,IR,Over 35,Ladbrokes
Great odds and fast payouts,,,,,,,,,,,,,1,,,,,,1,,UK,Over 35,Ladbrokes
Simple and straightforward ,,,,1,,,,,,,,,,1,,,,,,,IR,Under 35,Ladbrokes
It’s local,,,,,,1,,,,,,,,,,,,,,,UK,Over 35,Ladbrokes
It was easy to use,,,,1,,,,,,,,,,1,,,,,,,UK,Over 35,Ladbrokes
It has good offers,,,,,,,1,1,,,,,,,,,,,,,UK,Over 35,William Hill
Good odds and betting options,,,,,,,,,,,,,,,,,,,1,,IR,Over 35,Paddy Power
Usual good service,,,,,,,1,,,,,,,,,,,,,,IR,Under 35,Paddy Power
The staff ,,,,,,,,,,,,,,,1,,,,,,UK,Under 35,Coral
Good customer service,,,,,,,1,,,,,,,,,,,,,,UK,Under 35,Ladbrokes
It offers what you need,,,,1,,,1,,,1,,,,,,,,,,,UK,Over 35,Paddy Power
They are good helped a lot,,,,,,,1,,,,,,,,,,,,,,IR,Under 35,Paddy Power
Friendly staff and great odds,,,,,,,,,,,,,,,1,,,,1,,IR,Over 35,Boyle Sports
the knowledgeof sports is unbelievable,,,,,,,,,,,,,,,,,,,,1,IR,Over 35,Ladbrokes
Betting slips easiest to understand and always served quickly,,,,,,,,,1,,,,,,,,,,,,UK,Over 35,Ladbrokes
Ease of use,,,,1,,,,,,,,,,,,1,1,,,,UK,Under 35,William Hill
Excellent service.,,,,1,,,,,,,,,,1,,,,,,,IR,Over 35,Paddy Power
"Good layout ,clean and friendly staff",,,,,,,,,,,,,,,1,,1,,,,IR,Over 35,Boyle Sports
Good free bets,,,,,,,,,,,,,,,,,,,1,,IR,Under 35,Ladbrokes
It is excellent customer support.,,,,,,,1,,,,,,,,,,,,,,UK,Over 35,William Hill
I got a sports beer correct and win money,,,,,,,,,,,,,,,,,,1,,,UK,Under 35,Betfred
The Friendly Staff,,,,,,,,,,,,,,,1,,,,,,UK,Under 35,Betfred
Excellent service ,,,,1,,,,,,1,,1,,1,,,,,,,UK,Over 35,William Hill
Great staff,,,,,,,,,,,,,,,1,,,,,,IR,Over 35,Paddy Power
Won a few euro.,,,,,,,,,,,,,,,,,,1,,,IR,Over 35,Boyle Sports
It's decent but could do with a modernisation. ,,,,,,,,,,,,,,,,,,,,1,IR,Over 35,Paddy Power
It was fine nothing special,,,,,,,,,,,,,,,,,,,,1,IR,Over 35,Paddy Power
If s a good betting shop ,,,,,,,1,,,,,,,,,,,,,,UK,Under 35,Betfred
Never had a problem ,,,,,1,,1,,,,,,,,,,,,,,IR,Over 35,Paddy Power
No issues,,,,,1,,,,,,,,,,,,,,,,IR,Under 35,Paddy Power
Good customer service ,,,,,,,1,,,,,,,,,,,,,,IR,Under 35,Paddy Power
Customer experience,,,,,,,1,,,,,,,,,,,,,,IR,Under 35,Paddy Power
Customer service was good,,,,,,,,,,,,,,1,,,,,,,IR,Over 35,Boyle Sports
Great atmosphere,,,,,,,,,,,1,,,,,,,,,,IR,Under 35,Boyle Sports
Best,,,,,,,,,,,,,,,,,,,,1,IR,Under 35,Boyle Sports
was it say to use,,,,,,,,,,,,,,,,,,,,1,IR,Under 35,Paddy Power
Easy to bet,,,,1,,,,,1,,,,,,,,,,1,,IR,Under 35,Paddy Power
Nice staff and very helpful,,,,,,,,,,,,,,,1,,,,,,IR,Under 35,Paddy Power
"Good customer service, clean shop",,,,,,,,,,,,,,,,,1,,,,IR,Under 35,Paddy Power
No problems with it at all,,,,,1,,,,,,,,,,,,,,,,IR,Under 35,Ladbrokes
Quick ,,,,1,,,,,,1,,,,,,,,,,,IR,Under 35,Paddy Power
They have good odds,,,,,,,,,,,,,,,,,,,1,,UK,Under 35,William Hill
It's the best,,,,,,,,,,,,,,,,,,,,1,UK,Under 35,Ladbrokes
Had good Deals ,,,,,,,,1,,,,,,,,,,,,,UK,Under 35,Betfred
Very easy transaction,,,,1,,,,,,,,,,1,,,,,,,IR,Under 35,Ladbrokes
It was all very straightforward and easy ,,,,1,,,,,,,,,,1,,,,,,,UK,Under 35,Betfred
"It was an easy process and a one off, I accomplished everything I set out to do without complication",,,,1,,,,,,,,,,1,,,,,,,UK,Under 35,Coral
Clean environment ,,,,,,,,,,,1,1,,,,,1,,,,UK,Under 35,Ladbrokes
Exciting ,,,,,,,,,,,,,,,,,,,,1,UK,Under 35,William Hill
I’ve never had a problem with them and they have a lot to offer,,,,,1,,1,,,,,,,,,,,,,,UK,Under 35,William Hill
Good odds on return.,,,,,,,,,,,,,,,,,,,1,,UK,Under 35,William Hill
Positive ,,,,,,,,,,,,,,,,,,,,1,UK,Under 35,William Hill
I won a small amount ,,,,,,,,,,,,,,,,,,1,,,UK,Under 35,William Hill
It was a timely transaction ,,,,,,,,,,,,,,1,,,,,,,IR,Under 35,Boyle Sports
"Easy bets, great staff, easy to manage",,,,1,,,,,1,,,,,,1,,,,1,,IR,Under 35,Paddy Power
Good customer service,,,,,,,1,,,,,,,,,,,,,,UK,Under 35,Ladbrokes
There were decent odds and Best odds gauranteed,,,,,,,,,,,,,,,,,,,1,,UK,Under 35,Paddy Power
Good odds for soccer matches ,,,,,,,,,,,,,,,,,,,1,,IR,Under 35,Boyle Sports
They have good odds and I win a lot ,,,,,,,,,,,,,,,,,,1,1,,IR,Under 35,Paddy Power
Great all round experience ,,,,,,,1,,,,,,,,,,,,,,IR,Under 35,Paddy Power
Honest and reliable,,1,,,,,1,,,,,,,,,1,,,,,UK,Under 35,Betfred
There was plenty of bingo slips out,,,,,,,,,,,,,,,,,,,,1,IR,Under 35,Boyle Sports
Most reliable ,,1,,,,,,,,,,,,,,1,,,,,UK,Under 35,Coral
Was seemless and smooth ,,,,1,,,,,,,,,,1,,,,,,,IR,Under 35,Paddy Power
I earned  profit,,,,,,,,,,,,,,,,,,1,,,IR,Over 35,Paddy Power
They helped me when I got confused and helped me rectify it,,,,,,,,,,,,,,,,,,,,1,UK,Under 35,Betfred
"Convenient locations, great customer service ",,,,,,1,,,,,,1,,,,,,,,,IR,Under 35,Boyle Sports
Good odds,,,,,,,,,,,,,,,,,,,1,,IR,Under 35,Paddy Power
Ladbroke,,,,,,,,,,,,,,,,,,,,1,UK,Under 35,Ladbrokes
I’ve never had any issues with them ,,,,,1,,1,,,,,,,,,,,,,,UK,Under 35,Paddy Power
Good ,,,,,,,1,,,,,,,,,,,,,,UK,Under 35,Coral
Good knowledge staff,,,,,,,,,,,,,,,1,,,,,,IR,Under 35,Boyle Sports
Nice staff. No queues. Good odds ,,,,,,,,,,,,,,,1,,,,1,,IR,Under 35,Paddy Power
There great ,,,,,,,1,,,,,,,,,,,,,,UK,Under 35,William Hill
Very new and different,,,,,,,,,,,,,,,,,,,,1,UK,Under 35,William Hill
Trusted,,1,,,,,,,,,,,,,,1,,,,,IR,Under 35,Paddy Power
They provide a shop environment that allows you to conduct any gambling need you require,,,,,,,,,,,1,,,,,,,,,,UK,Under 35,Coral
Good advice,,,,,,,1,,,,,,,,,,,,,,IR,Under 35,Paddy Power
Nice staff won my bet ,,,,,,,,,,,,,,,1,,,1,1,,IR,Under 35,Paddy Power
Ease,,,,1,,,,,,,,,,,,,1,,,,UK,Under 35,William Hill
The price for the scratch card was decent abd for the first time I actually won small money ,,,,,,,,,,,,,,,,,,1,,,IR,Under 35,Paddy Power
Quality service and clear odds,,,,,,,,,1,,,,,,,,,,1,,UK,Under 35,Betfred
Always good odds and friendly staff,,,,,,,,,,,,,,,1,,,,1,,UK,Under 35,William Hill
I’d rather bet online but for a in person experience it was fine ,,,,,,,,,,,1,,,,,,,,,,UK,Under 35,Ladbrokes
Good customer service ,,,,,,,1,,,,,,,,,,,,,,UK,Under 35,Betfred
The staff are helpful ,,,,,,,,,,,,,,,1,,,,,,IR,Under 35,Paddy Power
It is food,,,,,,,,,,,,,,,,,,,,1,UK,Under 35,Paddy Power
They had a wide range of betting options.,,,,,,,,,,,,,,,,,,,,1,UK,Under 35,William Hill
They’re reliable and I don’t think they would scam me ,,1,,,,,1,,,,,,,,,1,,,,,UK,Under 35,Ladbrokes
No issues with my experience ,,,,,1,,,,,,,,,1,,,,,,,IR,Under 35,Ladbrokes
I have no complaints,,,,,1,,,,,,,,,,,,,,,,UK,Under 35,Paddy Power
won a bet,,,,,,,,,,,,,,,,,,1,,,UK,Under 35,Coral
I've never complained about their services ,,,,,1,,1,,,,,,,,,,,,,,UK,Under 35,Paddy Power
It's useful,,,,,,,,,,,,,,,,,,,,1,UK,Under 35,Paddy Power
Great atmosphere,,,,,,,,,,,1,,,,,,,,,,UK,Under 35,Paddy Power
they have good odds,,,,,,,,,,,,,,,,,,,1,,UK,Under 35,Paddy Power
It’s easy to use,,,,1,,,,,,,,,,,,,,,,,UK,Under 35,Ladbrokes
"Good experience, helpful staff ",,,,,,,,,,,,,,,1,,,,,,UK,Under 35,Betfred
Good and pleasant games,,,,,,,,,,,1,,,,,,,,,,UK,Under 35,Ladbrokes
Good bets ,,,,,,,,,,,,,,,,,,,1,,UK,Under 35,Ladbrokes
It was exciting ,,,,,,,,,,,,,,1,,,,,,,UK,Under 35,William Hill
Staff are supportive and always look after you,,,,,,,,,,,,,,,1,,,,,,UK,Under 35,Coral
GREAT SERVICE AND A NICE RELAXING ENVIROMENT,,,,,,,,,,,1,1,,,,,,,,,UK,Under 35,Ladbrokes
i have never experienced any issues at all,,,,,1,,,,,,,,,,,,,,,,UK,Under 35,William Hill
Good service,,,,1,,,,,,,,,,,,,,,,,UK,Under 35,Ladbrokes
They can do no wrong ,,,,,,,,,,,,,,,,,,,,1,IR,Under 35,Paddy Power
There is nice atmosphere and good prizes ,,,,,,,,,,,1,,,,,,,,,,UK,Under 35,Coral
Very excited ,,,,,,,,,,,,,,,,,,,,1,UK,Under 35,William Hill
It was clean and the staff were friendly.,,,,,,,,,,,,1,,,1,,1,,,,UK,Under 35,William Hill
I won but not a lot,,,,,,,,,,,,,,,,,,1,,,UK,Under 35,Coral
I made some money ,,,,,,,,,,,,,,,,,,1,,,IR,Under 35,Paddy Power
The customer service was excellent ,,,,,,,1,,,,,,,,,,,,,,UK,Under 35,William Hill
Staff very friendly and helpful,,,,,,,,,,,,,,,1,,,,,,IR,Under 35,Paddy Power
I really like the staff in my local,,,,,,1,,,,,,,,,1,,,,,,UK,Under 35,Ladbrokes
It's trustworthy ,,1,,,,,1,,,,,,,,,1,,,,,UK,Under 35,Betfred
Never had a problem with ladbrokes ,,,,,1,,,,,,,,,,,,,,,,UK,Under 35,Ladbrokes
I won ,,,,,,,,,,,,,,,,,,1,,,UK,Under 35,William Hill
it is good in terms of service,,,,,,,1,,,,,,,,,,,,,,UK,Under 35,William Hill
Good returns and deals ,,,,,,,,1,,,,,,,,,,,,,IR,Under 35,Paddy Power
It's a good betting shop,,,,,,,,,,,,,,,,,,,1,,UK,Under 35,William Hill
I won 200,,,,,,,,,,,,,,,,,,1,,,UK,Under 35,Paddy Power
Good options and screens to watch the sport,,,,,,,1,,,,,,,,,,,,,,UK,Under 35,William Hill
 Variety ,,,,,,,,,,,,,,,,,,,,1,UK,Under 35,Ladbrokes
"when using this provider there is always a wider variety of sports, games and betting markets to choose from",,,,,,,,,,,,,,,,,,,,1,UK,Under 35,Paddy Power
I’ve had some really good bonuses from them ,,,,,,,,1,,,,,,,,,,,,,UK,Under 35,William Hill
They have loads of choice ,,,,,,,,,,,,,,,,,,,,1,IR,Over 35,Ladbrokes
the only way i could be happy with the fact i can be a good ,,,,,,,1,,,,,,,,,,,,,,UK,Under 35,Coral
They have clear and simply template.,,,,1,,,,,,,,,,,,,,,,,UK,Under 35,Ladbrokes
Good odds,,,,,,,,,,,,,,,,,,,1,,IR,Under 35,Paddy Power
Customer service ,,,,,,,1,,,,,,,,,,,,,,IR,Over 35,Paddy Power
Acca,,,,,,,,,,,,,,,,,,,,1,UK,Under 35,Betfred
I won ,,,,,,,,,,,,,,,,,,1,,,UK,Under 35,William Hill
Because ladbrokes isn’t very reliable and a great brand,,,,,,,,,,,,,,,,,,,,1,UK,Under 35,Ladbrokes
they're great company,,,,,,,,,,,,,,,,,,,,1,UK,Under 35,William Hill
They offered me a free bet and was very helpful ,,,,,,,,,,,,,,,1,,,,,,UK,Under 35,William Hill
They offered good deals,,,,,,,,1,,,,,,,,,,,,,UK,Under 35,William Hill
I like it,,,,,,,,,,,,,,,,,,,,1,UK,Under 35,William Hill
Bets are easily placed ,,,,1,,,,,1,,,,,,,,,,,,IR,Under 35,Paddy Power
Friendly staff,,,,1,,,,,,,,,,,1,,,,,,UK,Under 35,Paddy Power
Nnnd,,,,,,,,,,,,,,,,,,,,1,UK,Under 35,Ladbrokes
it was fun and i made a bit of money doing it ,,,,,,,,,,,1,,,,,,,,,,UK,Under 35,Coral
It is very good and interesting ,,,,,,,1,,,,,,,,,,,,,,UK,Under 35,William Hill
"Wasn't too busy or loud, helpful staff",,,,,,,,,,,1,,,,1,,,,,,UK,Under 35,Paddy Power
The seamless payout process ,,,,,,,,,,,,,1,,,,,,,,UK,Under 35,Betfred
I love thei des,,,,,,,,,,,,,,,,,,,,1,UK,Under 35,Ladbrokes
Good atmosphere ,,,,,,,,,,,1,,,,,,,,,,UK,Under 35,Coral
Betting ,,,,,,,,,,,,,,,,,,,,1,UK,Under 35,Ladbrokes
Excellent customer service ,,,,,,,1,,,,,,,,,,,,,,UK,Under 35,William Hill
Fast payout,,,,,,,,,,,,,1,,,,,,,,UK,Under 35,Paddy Power
"Great service, clean store, friendly staff. ",,,,,,,,,,,,,,,1,,1,,,,UK,Under 35,Ladbrokes
They’re great ,,,,,,,,,,,,,,,,,,,,1,UK,Under 35,Ladbrokes
Efficient. Clear process,,,,1,,,,,,,,,,,,,1,,,,IR,Under 35,Boyle Sports
Good odds,,,,,,,,,,,,,,,,,,,1,,UK,Under 35,Ladbrokes
pOWER AND DESIGN,,,,,,,,,,,,,,,,,,,,1,UK,Under 35,William Hill
The staff are friendly ,,,,,,,,,,,,1,,,1,,,,,,IR,Under 35,Paddy Power
Really good great variety ,,,,,,,1,,,,,,,,,,,,,,UK,Under 35,Ladbrokes
Quality,,,,,,,,,,,,,,,,1,1,,,,UK,Under 35,Coral
Friendly staff,,,,1,,,,,,,,,,,1,,,,,,UK,Under 35,Coral
I won,,,,,,,,,,,,,,,,,,1,,,UK,Under 35,Ladbrokes
Easy to use and reliable ,,1,,1,,,1,,,,,,,,,1,,,,,UK,Under 35,Coral
Good ,,,,,,,1,,,,,,,,,,,,,,IR,Under 35,Paddy Power
Easy in and out,,,,1,,,,,,,,,,,,,,,,,IR,Under 35,Paddy Power
The shop was quite enough that I could go straight in and use the machine I wanted,,,,,,,,,,,,,,,,,,,,1,UK,Under 35,Ladbrokes
it is so fat and benifit,,,,,,,,,,,,,,,,,,,,1,UK,Under 35,William Hill
"Did what i needed to do in there easily, staff are friendly & place was clean",,,,,,,,,,,,,,,1,,,,,,UK,Under 35,Betfred
Was how I expected ,,,,,,,,,,,,,,1,,,,,,,IR,Under 35,Paddy Power
High and good stakes,,,,,,,1,,,,,,,,,,,,,,UK,Under 35,Ladbrokes
Because there odds are good ,,,,,,,,,,,,,,,,,,,1,,UK,Under 35,Betfred
It was very clean and the customer service was very good ,,,,,,,,,,,,1,,,,,1,,,,IR,Under 35,Paddy Power
Customer service was excellent ,,,,,,,,,,,,,,1,,,,,,,IR,Under 35,Paddy Power
Got a free bet at the til and won ,,,,,,,,,,,,,,,,,,1,,,IR,Under 35,Ladbrokes
I love the brand,,,,,,,,,,,,,,,,,,,,1,UK,Under 35,Coral
Great customer service ,,,,,,,1,,,,,,,,,,,,,,UK,Under 35,William Hill
I have won free games,,,,,,,,,,,,,,,,,,1,,,UK,Under 35,William Hill
It’s really good,,,,,,,1,,,,,,,,,,,,,,UK,Under 35,Betfred
Good ods,,,,,,,,,,,,,,,,,,,1,,UK,Under 35,Paddy Power
Great customer service ,,,,,,,1,,,,,,,,,,,,,,UK,Under 35,Coral
Good hets,,,,,,,1,,,,,,,,,,,,,,UK,Under 35,Ladbrokes
good win,,,,,,,,,,,,,,,,,,1,,,UK,Under 35,Paddy Power
Slot machine,,,,,,,,,,,,,,,,,,,,1,IR,Under 35,Boyle Sports
it's much interesting ,,,,,,,,,,,,,,,,,,,,1,IR,Under 35,Ladbrokes
It's accessible ,,,,1,,1,,,,1,,,,,,,,,,,IR,Under 35,Paddy Power
Every thing was good,,,,,1,,,,,,,,,1,,,,,,,UK,Under 35,Ladbrokes
"convenient location, nice staff",,,,,,,,,,,,1,,,1,,,,,,UK,Under 35,Ladbrokes
Easy to use,,,,1,,,,,,,,,,,,,,,,,UK,Under 35,Coral
Very efficient ,,,,1,,,,,,1,,,,1,,,,,,,IR,Under 35,Paddy Power
Great atmospher and felt very welcome,,,,,,,,,,,1,,,,,,,,,,UK,Under 35,Betfred
works well and good customer service and offers,,,,,,,1,,,,,,,,,,,,,,UK,Under 35,William Hill
There’s a free game called best the drop and it’s fun to bet for free with no stakes ,,,,,,,,,,,1,,,,,,,,,,UK,Under 35,Paddy Power
greate customer satisfaction,,,,,,,1,,,,,,,,,,,,,,UK,Under 35,William Hill
The variety of bets on offer,,,,,,,,,,,,,,,,,,,,1,UK,Under 35,William Hill
I have no issuses,,,,,1,,,,,,,,,,,,,,,,UK,Under 35,Ladbrokes
Its easy and they help is you need it,,,,1,,,,,,,,,,,,,,,,,UK,Under 35,Ladbrokes
Nothing in particular ,1,,,,,,,,,,,,,,,,,,,,UK,Under 35,Coral
good service,,,,,,,1,,,,,,,,,,,,,,UK,Under 35,Coral
i won big,,,,,,,,,,,,,,,,,,1,,,UK,Under 35,Ladbrokes
overall,,,,,,,,,,,,,,,,,,,,1,IR,Under 35,Paddy Power
Great service,,,,1,,,,,,,,,,,,,,,,,IR,Under 35,Paddy Power
No issues,,,,,1,,,,,,,,,,,,,,,,UK,Under 35,William Hill
"The staff are friendly, it’s easy to place a bet at the self service machines as the counter can sometimes be busy",,,,,,,,,1,,,,,,1,,,,,,UK,Under 35,Paddy Power
The price,,,,,,,,,,,,,,,,,,,,1,UK,Under 35,Betfred
environment ,,,,,,,,,,,1,1,,,,,,,,,UK,Under 35,Paddy Power
"Service and most of the time, everything is in order.",,,,,,,1,,,,,,,,,,,,,,IR,Under 35,Ladbrokes
They offer good odds,,,,,,,,,,,,,,,,,,,1,,UK,Under 35,William Hill
The service ,,,,,,,1,,,1,,,,,,,,,,,UK,Over 35,Ladbrokes
Great customer service for a Start and great odds on the football,,,,,,,1,,,,,,,,,,,,1,,UK,Over 35,William Hill
Good service ,,,,1,,,,,,1,,1,,,,,,,,,UK,Over 35,Betfred
the service was excellant,,,,,,,1,,,,,,,,,,,,,,UK,Over 35,Paddy Power
Great company ,,,,,,,1,,,,,,,,,,,,,,UK,Over 35,William Hill
Good,,,,,,,1,,,,,,,,,,,,,,UK,Over 35,Paddy Power
No problems ,,,,,1,,,,,,,,,1,,,,,,,UK,Over 35,Paddy Power
I really enjoy the experience ,,,,,,,1,,,,,,,,,,,,,,UK,Over 35,William Hill
The prices are good and the staff friendly ,,,,,,,,,,,,,,,1,,,,,,UK,Over 35,Ladbrokes
Because of the free bets and bonuses they give to loyal customers ,,,,,,,,1,,,,,,,,,,,,,UK,Over 35,William Hill
It was a pleasant experience. The staff were friendly. Lots of screens ,,,,,,,,,,,1,,,,1,,,,,,UK,Over 35,Paddy Power
Because I have to pay for the guy bcos its ,,,,,,,,,,,,,,,,,,,,1,UK,Over 35,Betfred
Really good experience ,,,,,,,,,,,,,,1,,,,,,,UK,Over 35,Paddy Power
I won,,,,,,,,,,,,,,,,,,1,,,UK,Over 35,William Hill
Great quality assurance and information ,,,,,,,1,,,,,,,,,1,,,,,UK,Over 35,Betfred
Just a small bet I placed ,,,,,,,,,,,,,,,,,,,,1,UK,Over 35,Ladbrokes
They provided good customer service and experience ,,,,,,,,,,,,,,1,,,,,,,UK,Over 35,Paddy Power
Staff was very helpful and welcoming,,,,,,,,,,,,,,,1,,,,,,UK,Under 35,Betfred
Shows loads of live games,,,,,,,,,,,,,,,,,,,,1,UK,Over 35,Betfred
Flexibility ,,,,,,,,,,,,,,,,1,1,,,,UK,Over 35,Paddy Power
They gave free branded merchandise and hot dogs,,,,,,,,,,,,,,,,,,,,1,UK,Over 35,William Hill
Very easy and friendly,,,,1,,,,,,,,,,,,,,,,,UK,Over 35,Betfred
Really enjoyed my visit,,,,,,,1,,,,,,,,,,,,,,UK,Over 35,Paddy Power
I like the shop and it’s online app it makes it easy to set bets ,,,,,,,,,1,,,,,,,,,,,,UK,Over 35,Ladbrokes
Some free bet ,,,,,,,,,,,,,,,,,,,,1,UK,Over 35,William Hill
They offered a great service ,,,,1,,,,1,,1,,,,1,,,,,,,UK,Over 35,Coral
Good at what they do ,,,,,,,1,,,,,,,,,,,,,,UK,Over 35,Paddy Power
"Good shop, I enjoy going there",,,,,,,,,,,1,,,,,,,,,,UK,Under 35,Coral
"Good odds, clean ",,,,,,,,,,,,,,,,,1,,1,,UK,Under 35,Paddy Power
Customer service,,,,,,,1,,,,,,,,,,,,,,UK,Over 35,Paddy Power
It’s amazing ,,,,,,,,,,,,,,,,,,,,1,UK,Under 35,Betfred
I manage to win more than lose.,,,,,,,,,,,,,,,,,,1,,,UK,Over 35,Paddy Power
Good service,,,,1,,,,,,,,,,,,,,,,,UK,Over 35,Coral
I won my bet,,,,,,,,,,,,,,,,,,1,,,UK,Under 35,Ladbrokes
Great customer service ,,,,,,,1,,,,,,,,,,,,,,UK,Over 35,Paddy Power
employees were useful,,,,,,,,,,,,,,,1,,,,,,UK,Over 35,William Hill
The netting options,,,,,,,,,,,,,,,,,,,,1,UK,Under 35,Paddy Power
Local shop easy to visit ,,,,1,,1,1,,,,,,,,,,,,,,UK,Over 35,Ladbrokes
Interesting interaction with others to share ideas,,,,,,,,,,,,,,,,,,,,1,UK,Over 35,Paddy Power
Good customer service ,,,,,,,1,,,,,,,,,,,,,,UK,Over 35,William Hill
Good prices ,,,,,,,,1,,,,,,,,,,,,,IR,Under 35,Boyle Sports
"Staff was good, winning was fare",,,,,,,,,,,,,,,1,,,,,,IR,Under 35,Paddy Power
Got what I needed from it ,,,,,,,,,,,,,,1,,,,,,,IR,Over 35,Paddy Power
Fast service and friendly people.,,,,,,,1,,,,,,,,,,,,,,IR,Over 35,Ladbrokes
Good customer service ,,,,,,,1,,,,,,,,,,,,,,IR,Over 35,Paddy Power
"Went in was clean and tidy. Plenty of betting slips and pens. Wrote out my bet, cashier was friendly. Easy and seamless experience.",,,,,,,,,1,,,,,,,,,,,,UK,Over 35,Coral
"Well stated terms and conditions, which they adhere to ",,,,,,,1,,,,,,,,,,,,,,IR,Under 35,Paddy Power
I was happy with service.,,,,,,,1,,,,,,,,,,,,,,IR,Under 35,Paddy Power
I won,,,,,,,,,,,,,,,,,,1,,,IR,Over 35,Paddy Power
Experience,,,,,,,,,,,1,,,,,,,,,,UK,Over 35,Paddy Power
Great products ,,,,,,,1,,,,,,,,,,,,,,UK,Over 35,Paddy Power
Pleasant and quiet ,,,,,,,,,,,1,1,,,,,,,,,UK,Over 35,Coral
Because paddy power offer realistic and trustworthy fair games which provides big winnings fairly more often than the other competitors.,,,,,,,,,,,,,,,,,,1,,,UK,Over 35,Paddy Power
"Very prompt, helpful and friendly staff ",,,,,,,,,,,,,,,1,,,,,,IR,Over 35,Paddy Power
It's a great betting platform,,,,,,,,,1,,,,,,,,,,1,,IR,Under 35,Boyle Sports
Great staff ,,,,,,,,,,,,,,,1,,,,,,IR,Over 35,Paddy Power
The environment was warm and clean staff are nice,,,,,,,,,,,1,1,,,1,,1,,,,IR,Over 35,Boyle Sports
I really enjoy the social aspect of gambling at Paddy Powers. ,,,,,,,,,,,,,,,,,,,,1,IR,Over 35,Paddy Power
CUSTOMER service ,,,,,,,1,,,,,,,,,,,,,,UK,Over 35,Coral
Good offers,,,,,,,,1,,,,,,,,,,,,,IR,Under 35,Paddy Power
Good brand and very trustworthy and very premium brand. I like it very much. It is very good services and very good.,,,,,,,1,,,,,,,,,,,,,,UK,Under 35,Coral
Great oddsvon a boxing fight ,,,,,,,,,,,,,,,,,,,1,,UK,Over 35,William Hill
Great shop,,,,,,,,,,,,,,,,,,,,1,UK,Under 35,Betfred
Good service,,,,1,,,,,,,,,,,,,,,,,UK,Over 35,Paddy Power
I was able to use the kiosk to place my sports bets easily and quickly ,,,,,,,,,1,,,,,,,,,,,,UK,Over 35,Coral
Good staff,,,,,,,,,,,,,,,1,,,,,,IR,Over 35,Paddy Power
Decent odds,,,,,,,,,,,,,,,,,,,1,,IR,Under 35,Paddy Power
I won yesterday ,,,,,,,,,,,,,,,,,,1,,,UK,Over 35,Paddy Power
Nice and easy ,,,,1,,,,,,,,,,1,,,,,,,IR,Over 35,Paddy Power
i dont use it too often nowadays,,,,,,,,,,,,,,,,,,,,1,UK,Over 35,Paddy Power
PaddyPower offered quick bets ,,,,,,,,,1,,,,,,,,,,,,IR,Under 35,Paddy Power
The shop was clean staff where friendly,,,,,,,,,,,,1,,,1,,1,,,,IR,Over 35,Boyle Sports
Very good ,,,,,,,1,,,,,,,,,,,,,,IR,Over 35,Paddy Power
EASY TO DEAL WITH,,,,1,,,,,,,,,,,,,,,,,UK,Over 35,Paddy Power
"They are fast , fair",,,,,,,1,,,,,,,,,,,,,,IR,Over 35,Boyle Sports
Established brand ,,,,,,,,,,,,,,,,1,,,,,UK,Over 35,Ladbrokes
"I received friendly service as always, and I won which was even better ",,,,,,,,,,,,,,,,,,1,,,UK,Over 35,Ladbrokes
Good availability ,,,,,,,1,,,,,,,,,,,,,,IR,Under 35,Paddy Power
footbal,,,,,,,,,,,,,,,,,,,,1,UK,Under 35,Betfred
Friendly staff,,,,1,,,,,,,,,,,1,,,,,,IR,Over 35,Paddy Power
Paddy power ,,,,,,,,,,,,,,,,,,,,1,UK,Under 35,Betfred
Love the customer service being offered,,,,,,,1,,,,,,,,,,,,,,UK,Under 35,Coral
There great layout ,,,,,,,,,,,,1,,,,,,,,,IR,Over 35,Ladbrokes
Their customer service is good and I do get my predictions right most times,,,,,,,1,,,,,,,,,,,,,,UK,Under 35,Betfred
Rewarding their customers 'loyalty ,,,,,,,1,,,,,,,,,,,,,,IR,Over 35,Ladbrokes
Good app,,,,,,,1,,,,,,,,,,,,,,IR,Under 35,Paddy Power
Good promotions on sport betting ,,,,,,,,1,,,,,,,,,,,,,UK,Over 35,Ladbrokes
"Because is friendly atmosphere, many choises of betting and exelent withdraw",,,,,,,,,,,1,,,,,,,,,,IR,Over 35,Boyle Sports
coral has long lasting ,,,,,,,,,,,,,,,,,,,,1,UK,Under 35,Paddy Power
Competitive Odds,,,,,,,,,,,,,,,,,,,1,,UK,Under 35,Coral
Because ot was a good experience with good customer service ,,,,,,,,,,,1,,,,,,,,,,IR,Over 35,Paddy Power
"it's clean; the resources work, there's no trouble",,,,,,,,,,,,,,,,,1,,,,UK,Over 35,Paddy Power
Good odds,,,,,,,,,,,,,,,,,,,1,,IR,Over 35,Boyle Sports
Staff friendliness and product offerings ,,,,,,,,,,,,,,,1,,,,,,IR,Over 35,Paddy Power
"I got great odds, had a bit of a chat with the lady behind the computer, and got on well with other patrons ",,,,,,,,,,,,,,,,,,,1,,UK,Over 35,Paddy Power
The betting is perfect easy wins too,,,,,,,,,1,,,,,,,,,,1,,UK,Under 35,Ladbrokes
"Nice friendly staff, clean store and i won a little bit of money",,,,,,,,,,,,,,,1,,,,,,UK,Over 35,Coral
good,,,,,,,1,,,,,,,,,,,,,,UK,Under 35,Betfred
Wasn't to busy,,,,,,,,,,,,,,,,,,,,1,UK,Over 35,Ladbrokes
Free tea,,,,,,,,,,,,,,,,,,,,1,UK,Over 35,Paddy Power
Not had any issues ,,,,,1,,,,,,,,,1,,,,,,,UK,Over 35,Betfred
Helpful staff,,,,,,,,,,,,,,,1,,,,,,IR,Over 35,Paddy Power
Because it’s local is very convenient to my house.,,,,,,1,,,,,,,,,,,,,,,UK,Over 35,Coral
The venue was clean and the stuff were polite and helpful. I did not have to wait long to complete placing my bet ,,,,,,,,,1,,,,,,,,,,,,UK,Over 35,Betfred
Professional ,,,,,,,,,,,,,,,,,,,,1,UK,Over 35,William Hill
Always helpful staff also great odds and prices ,,,,,,,,,,,,,,,1,,,,1,,UK,Over 35,William Hill
"good odds, fast service",,,,,,,1,,,,,,,,,,,,1,,UK,Over 35,Paddy Power
it's the onlt betting shop in our village,,,,,,,,,,,,,,,,,,,,1,UK,Over 35,Betfred
Great layout with good offers and deals,,,,,,,,1,,,,,,,,,,,,,UK,Over 35,Paddy Power
I was paid my winning amount as soon as i won my bet,,,,,,,,,,,,,,,,,,1,,,UK,Over 35,Paddy Power
Great fair service ,,,,,,,1,,,,,,,,,,,,,,UK,Over 35,William Hill
"The shop was clean and everything was easy to find. Staff were friendly and the shop was quite quiet,which I like",,,,,,,,,,,,1,,,1,,,,,,UK,Over 35,Paddy Power
Very friendly staff and competitive odds,,,,,,,,,1,,,,,,1,,,,1,,UK,Over 35,Betfred
I did not experience any issues,,,,,1,,,,,,,,,,,,,,,,IR,Over 35,Paddy Power
Great location of shop and good quality odds,,,,,,,,,,,,,,,,,,,1,,UK,Over 35,Ladbrokes
Good overall,,,,,,,1,,,,,,,,,,,,,,UK,Under 35,Paddy Power
I do prefer online Betting personally,,,,,,,,,,,,,,,,,,,,1,UK,Under 35,William Hill
Personal experience ,1,,,,,,,,,,,,,,,,,,,,UK,Over 35,William Hill
Good experienced brand,,,,,,,1,,,,,,,,,,,,,,UK,Under 35,William Hill
i won 100,,,,,,,,,,,,,,,,,,1,,,UK,Under 35,Paddy Power
They offer great odds ,,,,,,,,,,,,,,,,,,,1,,IR,Over 35,Paddy Power
I have there everything I need ,,,,,,,,,,,,,,,,,,,,1,IR,Over 35,Ladbrokes
"clean and tidy shop, helpful staff",,,,,,,,,,,,,,,1,,1,,,,UK,Over 35,Coral
Got a free bet,,,,,,,,,,,,,,,,,,,,1,IR,Over 35,Paddy Power
It's my favorite sport betting shop,,,,,,,,,,,,,,,,,,,,1,IR,Over 35,Paddy Power
It was quite straightforward.,,,,1,,,,,,,,,,1,,,,,,,UK,Over 35,Paddy Power
customer service and speed of staff,,,,,,,,,,,,,,,1,,,,,,IR,Over 35,Boyle Sports
They were a fun experience to play with,,,,,,,,,,,1,,,,,,,,,,UK,Under 35,Paddy Power
Smooth experience and trustworthy,,1,,1,,,,,,,,,,1,,1,,,,,IR,Over 35,Paddy Power
Its was clean with great staff,,,,,,,,,,,,1,,,1,,1,,,,UK,Over 35,Coral
I won,,,,,,,,,,,,,,,,,,1,,,UK,Over 35,Paddy Power
I like the ambience and the simplicity ,,,,,,,,,,,1,1,,,,,,,,,UK,Over 35,William Hill
"Good atmosphere, a good amount of TVs, nice staff",,,,,,,,,,,1,,,,1,,,,,,UK,Under 35,Paddy Power
"Wide range of betting options: Paddy Power offers a variety of sports and events for customers to bet on, including horse racing, football, and other popular sports.  - In-store promotions: Paddy Power often offers in-store promotions and special offers, which can provide customers with additional value.",,,,,,,,1,,,,,,,,,,,,,UK,Under 35,Paddy Power
It's a good store,,,,,,,1,,,,,,,,,,,,,,UK,Over 35,Paddy Power
It was friendly efficient service,,,,1,,,,,,,,,,1,,,,,,,UK,Over 35,Paddy Power
"Nice shop environment, friendly staff ",,,,,,,,,,,1,,,,1,,,,,,IR,Over 35,Paddy Power
I won ,,,,,,,,,,,,,,,,,,1,,,UK,Over 35,Ladbrokes
won some money,,,,,,,,,,,,,,,,,,1,,,IR,Over 35,Paddy Power
"Staff were really helpfull, and lots of different slots games are avaliable",,,,,,,,,,,,,,,1,,,,,,UK,Over 35,Ladbrokes
Customer service,,,,,,,1,,,,,,,,,,,,,,IR,Under 35,Paddy Power
"No specific reason, it was just how I feel. ",1,,,,,,,,,,,,,,,,,,,,UK,Under 35,Paddy Power
Friendly staff ,,,,,,,,,,,,,,,1,,,,,,UK,Over 35,Coral
they are always good with their customers,,,,,,,1,,,,,,,,,,,,,,UK,Under 35,Ladbrokes
Good environment ,,,,,,,1,,,,1,1,,,,,1,,,,IR,Under 35,Paddy Power
It was quick and east transaction,,,,1,,,,,,,,,,1,,,,,,,IR,Over 35,Paddy Power
"They have great offers, however I do not trust on bet houses",,,,,,,,,,,,,,,,,,,,1,IR,Under 35,Paddy Power
Clean shop ,,,,,,,,,,,,,,,,,1,,,,IR,Under 35,Paddy Power
I'm in front,,,,,,,,,,,,,,,,,,,,1,UK,Over 35,Betfred
it was a pleasant experience,,,,,,,,,,,1,,,1,,,,,,,IR,Under 35,Paddy Power
It was quick and easy,,,,1,,,,,,,,,,1,,,,,,,UK,Under 35,Betfred
It’s a good brand,,,,,,,1,,,,,,,,,,,,,,UK,Under 35,Paddy Power
Efficiency ,,,,1,,,,,,1,,,,,,,1,,,,UK,Over 35,Betfred
Great CUSTOMER service,,,,,,,1,,,,,,,,,,,,,,UK,Over 35,Paddy Power
got good odds and my bet won,,,,,,,,,,,,,,,,,,1,1,,UK,Over 35,Paddy Power
Good customer service and good selection of games to choose from. ,,,,,,,1,,,,,,,,,,,,,,UK,Under 35,Ladbrokes
Good offers for members and app users ,,,,,,,,1,,,,,,,,,,,,,UK,Over 35,William Hill
Great Benefits ,,,,,,,1,,,,,,,,,,,,,,UK,Over 35,Betfred
was as expected,,,,,,,,,,,,,,1,,,,,,,IR,Under 35,Paddy Power
helpful staff,,,,,,,,,,,,,,,1,,,,,,UK,Over 35,Coral
Nice place and cozy ,,,,,,,,,,,,1,,,,,,,,,IR,Over 35,Paddy Power
I won some money and the withdrawl was swift,,,,,,,,,,,,,1,,,,,1,,,UK,Under 35,Paddy Power
I had no issues while there. Staff were friendly.,,,,,1,,,,,,,,,,1,,,,,,IR,Under 35,Paddy Power
It was good deals in the location ,,,,,,,,1,,,,1,,,,,,,,,UK,Over 35,Paddy Power
Good location ,,,,,,1,1,,,,,1,,,,,,,,,UK,Under 35,Betfred
good tv's,,,,,,,1,,,,,,,,,,,,,,UK,Over 35,Betfred
Good location of the shopAnd friendly staff,,,,,,1,,,,,,,,,1,,,,,,UK,Over 35,Coral
I know exactly what to expect from a visit.,,,,,,,,,,,,,,,,,,,,1,UK,Over 35,Betfred
because i won some money,,,,,,,,,,,,,,,,,,1,,,UK,Under 35,William Hill
The staff was very friendly and helped me by making me comfortable and understand the whole process without any problem,,,,,,,,,,,1,,,,1,,,,,,IR,Under 35,Paddy Power
I did what I needed to.,,,,,,,,,,,,,,1,,,,,,,UK,Under 35,Paddy Power
Great company ,,,,,,,1,,,,,,,,,,,,,,UK,Under 35,Coral
Reputable company and had good personal experience with them,,,,,,,1,,,,,,,,,1,,,,,UK,Over 35,Coral
Great odds and friendly staff ,,,,,,,,,,,,,,,1,,,,1,,IR,Under 35,Paddy Power
Great customer service. I like using the machines in store also and plenty of  tvs  and good  lighting. ,,,,,,,1,,,,,,,,,,,,,,IR,Over 35,Boyle Sports
Its nice and warm and good games,,,,,,,,,,,,,,,,,,,,,UK,Under 35,Coral
Friendly staff ,,,,,,,,,,,,,,,1,,,,,,UK,Over 35,Paddy Power
Won ,,,,,,,,,,,,,,,,,,1,,,UK,Under 35,Ladbrokes
Transparency,,,,,,,,,,,,,,,,1,1,,,,UK,Under 35,Ladbrokes
Conveniently located and staff generally friendly ,,,,1,,1,,,,,,1,,,1,,,,,,UK,Over 35,Paddy Power
no issues,,,,,1,,,,,,,,,,,,,,,,UK,Over 35,Coral
Good customerswrvive,,,,,,,1,,,,,,,,,,,,,,UK,Over 35,Coral
Good free bets and promotions.,,,,,,,,1,,,,,,,,,,,,,UK,Over 35,Coral
Great odds,,,,,,,,,,,,,,,,,,,1,,IR,Over 35,Boyle Sports
Customer care services offered good assistance ,,,,,,,1,,,,,,,,,,,,,,UK,Under 35,Paddy Power
Just a good copany,,,,,,,1,,,,,,,,,,,,,,UK,Over 35,Ladbrokes
I was satisfied,,,,,,,,,,,,,,,,,,,,1,UK,Under 35,Coral
I enjoy the way the shop looks and it’s odds are good ,,,,,,,,,,,,,,,,,,,1,,UK,Over 35,Paddy Power
Great atmosphere  great customer service ,,,,,,,,,,,1,,,,,,,,,,UK,Under 35,William Hill
"Good service, nice atmosphere ",,,,,,,,,,,1,,,,,,,,,,UK,Over 35,Ladbrokes
Its service ,,,,,,,1,,,1,,,,,,,,,,,UK,Under 35,Betfred
The staff are very friendly ,,,,,,,,,,,,1,,,1,,,,,,IR,Under 35,Paddy Power
GOOD PAYOUT  FRIENDLY STAFF  NEARBY ,,,,,,,,,,,,,,,1,,,,,,UK,Over 35,Paddy Power
Good staff,,,,,,,,,,,,,,,1,,,,,,IR,Over 35,Boyle Sports
Not a big winning wast time,,,,,,,,,,,,,,,,,,1,,,UK,Over 35,Betfred
Safe clean shops easy to bet good screens seating good sound welcoming ,,,,,,,1,,,,1,1,,,,,,,,,UK,Over 35,Coral
Good customer support ,,,,,,,1,,,,,,,,,,,,,,UK,Over 35,Paddy Power
I won,,,,,,,,,,,,,,,,,,1,,,UK,Under 35,Ladbrokes
Won,,,,,,,,,,,,,,,,,,1,,,UK,Under 35,Paddy Power
Excellent experience using this brand ,,,,,,,1,,,,,,,,,,,,,,UK,Over 35,Coral
It was a calm and clean environment ,,,,,,,,,,,1,1,,,,,1,,,,UK,Over 35,Betfred
They have good customer service,,,,,,,1,,,,,,,,,,,,,,UK,Under 35,Paddy Power
They have good bet offers,,,,,,,,1,,,,,,,,,,,1,,UK,Over 35,Paddy Power
Easy location,,,,1,,1,,,,,,,,,,,,,,,UK,Over 35,Betfred
"GREAT ODDS , I WON QUICK AND EASY PAY OUT",,,,,,,,,,,,,1,,,,,,1,,UK,Over 35,Betfred
Good customer service and good odds,,,,,,,,,,,,,,,,,,,1,,UK,Under 35,Paddy Power
Great service ,,,,1,,,,,,1,,1,,,,,,,,,UK,Under 35,William Hill
The customer service was great ,,,,,,,1,,,,,,,,,,,,,,IR,Over 35,Boyle Sports
it is great,,,,,,,,,,,,,,,,,,,,1,UK,Over 35,Coral
Coral are good quality and offer a reliable service,,,,,,,1,,,,,,,,,,,,,,UK,Over 35,Coral
i won,,,,,,,,,,,,,,,,,,1,,,UK,Over 35,Coral
"The shop is near me, always clean. Cashiers are nice people ",,,,,,,1,,,,,,,,,,,,,,IR,Under 35,Paddy Power
Bet won,,,,,,,,,,,,,,,,,,1,,,IR,Over 35,Paddy Power
Good machines good bets good location and friendly staff,,,1,,,,,,,,,,,,1,,,,,,UK,Under 35,Betfred
Always had a good experience ,,,,,1,,,,,,,,,1,,,,,,,UK,Over 35,Ladbrokes
won,,,,,,,,,,,,,,,,,,1,,,UK,Under 35,Betfred
Friendly staff in local shop,,,,,,,,,,,,,,,1,,,,,,UK,Over 35,Paddy Power
Staff were friendly ,,,,,,,,,,,,1,,,1,,,,,,UK,Over 35,Coral
Good service ,,,,1,,,,,,1,,1,,,,,,,,,UK,Over 35,Coral
Excellent variety and good customer service,,,,,,,1,,,,,,,,,,,,,,UK,Over 35,William Hill
It was good ,,,,,,,1,,,,,,,,,,,,,,UK,Under 35,Betfred
the customer service was on point,,,,,,,1,,,,,,,,,,,,,,UK,Under 35,Ladbrokes
"I was satisfied with my most recent experience in Ladbrokes , because the atmosphere in Ladbrokes was really nice and calm and I really liked how I won money on some of Ladbrokes games too .",,,,,,,,,,,1,,,,,,,,,,UK,Under 35,Ladbrokes
it was easy,,,,1,,,,,,,,,,1,,,,,,,UK,Over 35,Paddy Power
Quiet with time to think,,,,,,,,,,,,,,,,,,,,1,UK,Over 35,Coral
Friendly staff ,,,,,,,,,,,,,,,1,,,,,,UK,Over 35,Coral
Friendly staff and great atmosphere,,,,,,,,,,,1,,,,1,,,,,,IR,Over 35,Paddy Power
Good spins,,,,,,,1,,,,,,,,,,,,,,UK,Under 35,Betfred
Nice atmosphere. ,,,,,,,,,,,1,,,,,,,,,,UK,Over 35,Coral
"I like the look of the female behind the counter, hence why go in there?",,,,,,,,,,,,,,,,,,,,1,UK,Over 35,Paddy Power
Always good ,,,,,,,1,,,,,,,,,,,,,,UK,Over 35,Coral
its one on my way to come back home after work so its easy for me to go there ,,,,,,1,,,,,,,,,,,,,,,UK,Over 35,Coral
Cool place,,,,,,,,,,,,1,,,,,,,,,UK,Over 35,William Hill
It's coffee machine in my local area... you have to adjust for a paper cup and for sugar ' at the betting counter ' before you can use the machine provided ,,,,,,,,,,,,,,,,,,,,1,IR,Under 35,Boyle Sports
I was able to.do what I wanted very quickly ,,,,,,,,,,,,,,1,,,,,,,UK,Over 35,Paddy Power
"it was a simple, straight forward transaction",,,,1,,,,,,,,,,1,,,,,,,UK,Over 35,Coral
Very good customer service ,,,,,,,1,,,,,,,,,,,,,,IR,Over 35,Paddy Power
Good offers,,,,,,,1,1,,,,,,,,,,,,,UK,Over 35,Betfred
It’s pretty easy to use so I will stick with it,,,,1,,,,,,,,,,,,,,,,,UK,Over 35,Betfred
It was easy to put on a bet and I won too,,,,1,,,,,1,,,,,,,,,1,,,IR,Over 35,Paddy Power
I got a win,,,,,,,,,,,,,,,,,,1,,,IR,Over 35,Paddy Power
Lovely staff. Great set up ,,,,,,,,,,,,1,,,1,,,,,,IR,Over 35,Ladbrokes
Got a free bet coupon ,,,,,,,,,,,,,,,,,,,,1,UK,Over 35,Paddy Power
The amount I win and rtp,,,,,,,,,,,,,,,,,,1,,,UK,Under 35,Coral
Its reliable and efficient,,1,,1,,,1,,,,,,,,,1,,,,,UK,Under 35,Betfred
Because they're reliable ,,1,,,,,,,,,,,,,,1,,,,,UK,Under 35,Paddy Power
I love the entire services they provide ,,,,,,,1,,,,,,,,,,,,,,UK,Over 35,Paddy Power
Victory ,,,,,,,,,,,,,,,,,,1,,,UK,Over 35,William Hill
They have good options ,,,,,,,1,,,1,,,,,,,,,,,UK,Over 35,Paddy Power
I tend to win alot,,,,,,,,,,,,,,,,,,1,,,UK,Over 35,Betfred
Great service ,,,,1,,,,,,1,,1,,,,,,,,,IR,Over 35,Paddy Power
Good customer service ,,,,,,,1,,,,,,,,,,,,,,UK,Over 35,Paddy Power
Winning ,,,,,,,,,,,,,,,,,,1,,,UK,Under 35,Coral
Good odds offered and a good selection of games,,,,,,,,,,,,,,,,,,,1,,UK,Over 35,Coral
Great customer service ,,,,,,,1,,,,,,,,,,,,,,UK,Under 35,Paddy Power
Gambling is your own risk,,,,,,,,,,,,,,,,,,,,1,IR,Over 35,Paddy Power
Good service ,,,,1,,,,,,1,,1,,,,,,,,,UK,Over 35,Betfred
"Transparency, Fair deals ",,,,,,,,,,,,,,,,1,,,,,UK,Over 35,Paddy Power
The shop was clean and orderly and the staff were good ,,,,,,,,,,,,1,,,1,,1,,,,UK,Under 35,Coral
With the bonus and the pay out early,,,,,,,,,,,,,1,,,,,,,,IR,Over 35,Paddy Power
play arrival,,,,,,,,,,,,,,,,,,,,1,UK,Over 35,Paddy Power
Nothing was wrong ,1,,,,1,,,,,,,,,1,,,,,,,UK,Under 35,Paddy Power
Great odds and a happy place to go and put a good vaLUE bet on.,,,,,,,,,,,,,,,,,,,1,,UK,Under 35,Coral
Staff are friendly in the one I have been to and premises are clean,,,,,,,,,,,,1,,,1,,1,,,,UK,Under 35,Paddy Power
"Convenient location, but the shop was fairly run down",,,,,,,,,,,,,,,,,,,,1,UK,Over 35,Betfred
Great deals ,,,,,,,,1,,,,,,,,,,,,,UK,Under 35,Ladbrokes
The safety deposit limit isnt very good. ,,,,,,,,,,,1,,,,,,,,,,UK,Under 35,Paddy Power
I won a bet ,,,,,,,,,,,,,,,,,,1,,,UK,Over 35,Coral
Service amount,,,,,,,1,,,,,,,,,,,,,,UK,Under 35,Coral
Competitive Odds,,,,,,,,,,,,,,,,,,,1,,UK,Over 35,Paddy Power
Just the overall experience in the shop staff and service very good,,,,,,,,,,,,,,,1,,,,,,IR,Over 35,Boyle Sports
Very because it’s welcoming,,,,,,,,,,,,,,,,,,,,1,UK,Under 35,Ladbrokes
i got profits and legit ,,,,,,,,,,,,,,,,,,,,1,IR,Under 35,Paddy Power
Odds dropped a bit,,,,,,,,,,,,,,,,,,,1,,UK,Under 35,Paddy Power
It was a nice experience and I actually won some money so I am happy.,,,,,,,,,,,,,,,,,,1,,,UK,Over 35,Paddy Power
I found everything I wanted in the shop so i was very satisfied ,,,,,,,,,,,,,,1,,,,,,,UK,Under 35,Betfred
Their betting offers are superb.,,,,,,,,,,,,,,,,,,,1,,UK,Over 35,Paddy Power
It was very good service ,,,,,,,1,,,,,,,,,,,,,,UK,Under 35,Coral
Supporting staffs and easy betting ,,,,,,,,,1,,,,,,1,,,,,,IR,Under 35,Ladbrokes
"It was slick, clean and a friendly environment ",,,,,,,,,,,1,1,,1,,,1,,,,UK,Over 35,Betfred
Great atmosphere ,,,,,,,,,,,1,,,,,,,,,,UK,Under 35,Paddy Power
"Good odds, a clean safe environment and friendly efficient staff.",,,,,,,,,,,1,1,,,1,,1,,1,,UK,Over 35,Betfred
They do great deals for major sports events ,,,,,,,,,,,,,,,,,,,,1,UK,Under 35,Coral
it's fair ,,,,,,,,,,,,,,,,,,,,1,IR,Over 35,Paddy Power
It's my regular betting shop the staff are warm and welcoming,,,,,,,,,,,,,,,1,,,,,,UK,Over 35,Coral
Very helpful staff . Alk games i am used too and very easy,,,,,,,,,,,,,,,1,,,,,,UK,Under 35,Betfred
Nice vibe.,,,,,,,,,,,1,,,,,,,,,,UK,Over 35,Coral
Just easy to use,,,,1,,,,,,,,,,,,,,,,,UK,Over 35,Paddy Power
Easy to use,,,,1,,,,,,,,,,,,,,,,,UK,Under 35,Paddy Power
Machines worked well and I didn’t wait - also good odds,,,,,,,,,,,,,,,,,,,1,,UK,Under 35,Paddy Power
Good experience and excellent service,,,,,,,,,,,1,,,,,,,,,,UK,Over 35,Paddy Power
good options for different types of betting,,,,,,,1,,,,,,,,,,,,,,IR,Over 35,Paddy Power
I won £102 on a bet!,,,,,,,,,,,,,,,,,,1,,,UK,Over 35,Ladbrokes
It is where I feel relaxed and comfortable ,,,,,,,,,,,1,1,,,,,,,,,IR,Over 35,Ladbrokes
Good options ,,,,,,,,,,1,,,,,,,,,,,UK,Under 35,Paddy Power
It was easy to bet ,,,,1,,,,,1,,,,,1,,,,1,,,UK,Under 35,Betfred
They are friendly,,,,,,,,,,,,,,,1,,,,,,UK,Under 35,Betfred
Easily completed all tasks. ,,,,1,,,,,,,,,,1,,,,,,,UK,Over 35,Ladbrokes
Good place to go,,,,,,,,,,,,1,,,,,,,,,UK,Over 35,Coral
Good company ,,,,,,,1,,,,,,,,,,,,,,UK,Under 35,Coral
"Great atmosphere, with some really fun characters in it, plenty of betting offers and information available in store, staff are friendly, fast and efficient.",,,,,,,,,,,1,,,,1,,,,,,IR,Over 35,Paddy Power
Good odds at accumulator’s bet ,,,,,,,,,,,,,,,,,,,1,,UK,Under 35,William Hill
Good prices,,,,,,,,1,,,,,,,,,,,,,UK,Over 35,Paddy Power
Great experience ,,,,,,,1,,,,,,,,,,,,,,UK,Over 35,Coral
I like coral as a betting company good staff,,,,,,,,,,,,,,,1,,,,,,UK,Over 35,Coral
Friendly helpful staff,,,,,,,,,,,,1,,,1,,,,,,IR,Over 35,Paddy Power
Quick and easy,,,,1,,,,,,,,,,,,,,,,,UK,Under 35,Coral
Great service,,,,1,,,,,,,,,,,,,,,,,UK,Under 35,Paddy Power
I was satisfied because the staff were professional and polite to me plus it was nice and relaxing ,,,,,,,,,,,1,,,,1,,,,,,UK,Over 35,Coral
"Their staff were willing to help, their shop was neat and tidy and their odds are much better compared to other bookmakers on the high street",,,,,,,,,,,,,,,1,,,,,,UK,Under 35,Paddy Power
It's a pleasant place to use,,,,1,,1,,,,,1,1,,,,,,,,,IR,Under 35,Paddy Power
It's the one to go to always have had best experience ,,,,,,,1,,,,,,,,,,,,,,UK,Over 35,Coral
Like the atmosphere ,,,,,,,,,,,1,,,,,,,,,,UK,Over 35,Betfred
Best way ,,,,,,,,,,,,,,,,,,,,1,UK,Under 35,Betfred
The staff very friendly ,,,,,,,,,,,,1,,,1,,,,,,UK,Over 35,Betfred
i won,,,,,,,,,,,,,,,,,,1,,,UK,Over 35,Coral
spraíúil,,,,,,,,,,,,,,,,,,,,1,IR,Under 35,Ladbrokes
they help with putting money on accounts,,,,,,,,,,,,,,,,,,,,1,IR,Over 35,Paddy Power
Good ,,,,,,,1,,,,,,,,,,,,,,UK,Under 35,Coral
The whole place on a weekly day out,,,,,,,,,,,,,,,,,,,,1,UK,Over 35,Paddy Power
Just a nice experience,,,,,,,1,,,,,,,,,,,,,,IR,Over 35,Paddy Power
Fun,,,,,,,,,,,1,,,,,,,,,,UK,Under 35,Betfred
Iontaobhas an branda,,,,,,,,,,,,,,,,,,,,1,IR,Under 35,Paddy Power
Iontaobhas an branda,,,,,,,,,,,,,,,,,,,,1,IR,Under 35,Boyle Sports
Good atmosphere ,,,,,,,,,,,1,,,,,,,,,,IR,Over 35,Boyle Sports
The staff are friendly and you get good odds and the shop is a 5 minute walk away.,,,,,,,,,,,,,,,1,,,,,,UK,Over 35,Coral
"Friendly staff, clean shop, decent clientele, fairish bets",,,,,,,,,,,,,,,1,,,,1,,UK,Under 35,William Hill
No qualms really,,,,,1,,,,,,,,,,,,,,,,UK,Under 35,Paddy Power
its environment ,,,,,,,,,,,1,1,,,,,,,,,UK,Over 35,Paddy Power
easy payouts,,,,,,,,,,,,,1,,,,,,,,UK,Over 35,Coral
Gud over all,,,,,,,,,,,,,,,,,,,,1,IR,Over 35,Paddy Power
Brilliant ,,,,,,,,,,,,,,,,,,,,1,UK,Over 35,Coral
it is close to my house,,,,,,1,,,,,,,,,,,,,,,UK,Over 35,William Hill
Yes because it was easy to use,,,,1,,,,,,,,,,1,,,,,,,UK,Over 35,Paddy Power
Was good,,,,,,,1,,,,,,,,,,,,,,UK,Under 35,Betfred
Good odds and friendly staff,,,,,,,,,,,,,,,1,,,,1,,UK,Over 35,Betfred
Horse won,,,,,,,,,,,,,,,,,,1,,,IR,Over 35,Ladbrokes
I won something on my last bet that's why I am satusfied,,,,,,,,,,,,,,,,,,1,,,UK,Under 35,Ladbrokes
they have good offers.,,,,,,,1,1,,,,,,,,,,,,,UK,Over 35,Betfred
Easy to put on a bet,,,,1,,,,,1,,,,,,,,,,,,IR,Over 35,Paddy Power
It's good ,,,,,,,1,,,,,,,,,,,,,,UK,Under 35,Betfred
They customer service is excellent ,,,,,,,1,,,,,,,,,,,,,,UK,Under 35,Betfred
Because it is a great place to gamble.,,,,,,,,,,,,,,,,,,,,1,UK,Over 35,Paddy Power
Clean shop. Good odds and friendly members of staff.,,,,,,,,,,,,,,,1,,1,,,,UK,Under 35,William Hill
Easy to bet with,,,,1,,,,,1,,,,,,,,,,1,,UK,Over 35,Paddy Power
Straight in no messing around placed between left shop,,,,,,,,,,,,,,,,,,,,1,UK,Over 35,Coral
Customer service,,,,,,,1,,,,,,,,,,,,,,UK,Under 35,Paddy Power
It had easy navigation system ,,,,1,,,,,,,,,,1,,,,,,,UK,Over 35,Betfred
Customer service is great ,,,,,,,1,,,,,,,,,,,,,,UK,Under 35,Paddy Power
Had good customer service ,,,,,,,,,,,,,,1,,,,,,,UK,Over 35,Paddy Power
Odds ,,,,,,,,,,,,,,,,,,,1,,UK,Over 35,Ladbrokes
Good overall ,,,,,,,1,,,,,,,,,,,,,,IR,Over 35,Paddy Power
excellent company,,,,,,,1,,,,,,,,,,,,,,UK,Over 35,Coral
The staff were friendly ,,,,,,,,,,,,1,,,1,,,,,,UK,Under 35,Paddy Power
friendly and helpful staff and a great atmosphere ,,,,,,,,,,,1,,,,1,,,,,,UK,Over 35,Coral
Exceptional service ,,,,,,,1,,,,,,,,,,,,,,IR,Over 35,Paddy Power
fun and reliable,,1,,1,,,,,,,1,,,,,1,,,,,UK,Over 35,Paddy Power
"easy to find what i was looking for , bet slips , digital boards to help me choose , and lots of information around store",,,,,,,,,,,,,,,,,,,,1,UK,Over 35,William Hill
I had good winnings,,,,,,,,,,,,,,,,,,1,1,,UK,Under 35,Betfred
Offers available ,,,,,,,,1,,,,,,,,,,,,,UK,Over 35,Betfred
I feel comfortable and staff are great,,,,,,,,,,,1,,,,1,,,,,,UK,Over 35,William Hill
They have fair odds and payouts are easy,,,,,,,,,1,,,,1,,,,,,1,,IR,Under 35,Paddy Power
Nearbylocation,,,,,,1,,,,,,,,,,,,,,,UK,Over 35,Betfred
Good match offers ,,,,,,,1,,,,,,,,,,,,,,IR,Over 35,Ladbrokes
Good selection of sports to bet on,,,,,,,1,,,,,,,,,,,,,,IR,Over 35,Paddy Power
frequent wins,,,,,,,,,,,,,,,,,,1,,,UK,Over 35,Paddy Power
Customer service,,,,,,,1,,,,,,,,,,,,,,UK,Under 35,Paddy Power
Easy to place bets,,,,1,,,,,1,,,,,,,,,,,,UK,Over 35,Coral
I placed a bet in a pysical shop and they were very kind,,,,,,,1,,,,,,,,,,,,,,IR,Under 35,Paddy Power
IT is convenient and local to me.,,,,,,1,,,,,,,,,,,,,,,UK,Over 35,Paddy Power
"Yeah Betfred is fair with it's games. Better than most, they are transparent.",,,,,,,,,,,,,,,,,,,,1,UK,Under 35,Betfred
i think they the the most reliable and have the best offerings,,1,,,,,,,,,,,,,,1,,,,,UK,Under 35,Ladbrokes
"they have friendly staff, clean shops and have good odds",,,,,,,,,,,,,,,1,,,,1,,UK,Over 35,Betfred
The staff are amazing ,,,,,,,,,,,,,,,1,,,,,,IR,Under 35,Paddy Power
All round nice ,,,,,,,1,,,,,1,,,,,,,,,UK,Over 35,William Hill
Not sure,1,,,,,,,,,,,,,,,,,,,,UK,Under 35,Paddy Power
Quick and easy to put bet on staff friendly,,,,1,,,,,1,,,,,,1,,,,,,UK,Over 35,Ladbrokes
It's easy to use ,,,,1,,,1,,,1,,,,,,,,,,,UK,Under 35,Coral
Was all good nothing special but all good ,,,,,,,1,,,,,,,,,,,,,,IR,Over 35,Boyle Sports
No problems,,,,,1,,,,,,,,,1,,,,,,,UK,Over 35,Paddy Power
Good odds and friendly staff,,,,,,,,,,,,,,,1,,,,1,,UK,Over 35,Ladbrokes
IT WAS REALLY GOOD,,,,,,,1,,,,,,,,,,,,,,UK,Over 35,Paddy Power
Great odds,,,,,,,,,,,,,,,,,,,1,,UK,Over 35,Ladbrokes
its local ans has all the things i need,,,,,,1,,,,,,,,,,,,,,,UK,Over 35,Betfred
It was a good experience ,,,,,,,,,,,,,,1,,,,,,,UK,Over 35,Betfred
The service is quick and there are screens that allow you to follow sports. I have never had problems with payouts.,,,,,,,,,,,,,1,,,,,,,,IR,Over 35,Boyle Sports
It was easy to find the information I needed and placed the bet ,,,,1,,,,,1,,,,,1,,,,,,,UK,Under 35,Coral
they offer betting on a wide range of sports,,,,,,,,,,,,,,,,,,,,1,UK,Under 35,Paddy Power
never had any major issues with them,,,,,1,,,,,,,,,,,,,,,,UK,Over 35,Coral
Very organised great atmosphere and nice and clean and tidy,,,,,,,,,,,1,,,,,,1,,,,UK,Over 35,William Hill
It is very effective.,,,,,,,,,,,,,,,,,,,,1,UK,Over 35,Coral
Mainly as it wasn't a hassle to place a bet and it was just a pleasant experience ,,,,,,,,,1,,1,,,1,,,,,,,UK,Over 35,Ladbrokes
nice and clean,,,,,,,,,,,,1,,,,,1,,,,UK,Over 35,Paddy Power
I won,,,,,,,,,,,,,,,,,,1,,,IR,Over 35,Ladbrokes
Just am,,,,,,,,,,,,,,,,,,,,1,UK,Under 35,Betfred
Reception ,,,,,,,,,,,,,,,,,,,,1,UK,Under 35,Paddy Power
Very easy to use,,,,1,,,1,,,,,,,,,,,,,,IR,Under 35,Ladbrokes
Felt like i was treated with respect and very friendly atmosphere.,,,,,,,,,,,1,,,,,,,,,,UK,Over 35,William Hill
benefits,,,,,,,,,,,,,,,,,,,,1,UK,Under 35,Ladbrokes
Fair Odds,,,,,,,,,,,,,,,,,,,1,,IR,Over 35,Paddy Power
Very unique and different site performances ,,,,,,,,,,,,,,,,,,,,1,UK,Under 35,Paddy Power
I won,,,,,,,,,,,,,,,,,,1,,,UK,Under 35,Ladbrokes
It was a simple place to easily place a bet on my way to watch the football game in a pub ,,,,,,,,,1,,,,,,,,,,,,UK,Over 35,Coral
i always have a great customer experience,,,,,,,1,,,,,,,,,,,,,,IR,Over 35,Boyle Sports
Staff are very friendly and welcoming,,,,,,,,,,,,,,,1,,,,,,UK,Under 35,Coral
Good Customer service and odds,,,,,,,,,,,,,,,,,,,1,,UK,Under 35,William Hill
Because I won no particular reason,,,,,,,,,,,,,,,,,,1,,,UK,Under 35,Ladbrokes
Nice payout,,,,,,,,,,,,,1,,,,,1,1,,UK,Under 35,William Hill
It's a bit far,,,,,,,,,,,,,,,,,,,,1,IR,Under 35,Boyle Sports
I played a poker game and won,,,,,,,,,,,,,,,,,,1,,,UK,Under 35,Paddy Power
Good customer service ,,,,,,,1,,,,,,,,,,,,,,IR,Under 35,Paddy Power
Friendly staff and local ,,,,,,,,,,,,,,,1,,,,,,UK,Over 35,William Hill
I said I was satisfied with William Hill because the service is very good and they are very friendly.,,,,,,,1,,,,,,,,,,,,,,UK,Over 35,William Hill
Got a good return on my bet,,,,,,,,,,,,,,,,,,1,,,UK,Under 35,Paddy Power
Lots of promotion ,,,,,,,,,,,,,,,,,,,,1,UK,Over 35,Paddy Power
Customer service ,,,,,,,1,,,,,,,,,,,,,,UK,Over 35,Paddy Power
Good odds  Friendly staff,,,,,,,,,,,,,,,1,,,,1,,UK,Under 35,Paddy Power
Winnings,,,,,,,,,,,,,,,,,,1,,,UK,Under 35,Paddy Power
It was good job ,,,,,,,1,,,,,,,,,,,,,,UK,Under 35,Paddy Power
nice atmosphere,,,,,,,,,,,1,,,,,,,,,,IR,Over 35,Boyle Sports
I enjoy betting with them ,,,,,,,,,,,,,,,,,,,,1,UK,Over 35,Paddy Power
Yesterday ,,,,,,,,,,,,,,,,,,,,1,UK,Under 35,Paddy Power
Easy to use,,,,1,,,,,,,,,,,,,,,,,UK,Over 35,Paddy Power
Good experience ,,,,,,,1,,,,,,,,,,,,,,IR,Under 35,Boyle Sports
The staff are amazing ,,,,,,,,,,,,,,,1,,,,,,UK,Over 35,Paddy Power
Winning ,,,,,,,,,,,,,,,,,,1,,,UK,Under 35,William Hill
Convenient and had a good atmosphere and was clean,,,,,,,,,,,1,,,,,,1,,,,UK,Over 35,Paddy Power
Never had any problems ,,,,,1,,,,,,,,,1,,,,,,,UK,Under 35,William Hill
Friendly and professional service . ,,,,1,,,,,,,,,,,,,,,,,UK,Over 35,Paddy Power
It has good machine and a good atmosphere,,,1,,,,,,,,1,,,,,,,,,,UK,Over 35,Coral
It went fine,,,,,,,,,,,,,,1,,,,,,,UK,Under 35,Betfred
I got a free five pound bet when I put a fiver on fa cup ,,,,,,,,,,,,,,,,,,,,1,UK,Over 35,William Hill
I had no issues ,,,,,1,,,,,,,,,1,,,,,,,UK,Under 35,Paddy Power
I had a small win.,,,,,,,,,,,,,,,,,,1,,,UK,Over 35,Coral
Because the staff were polite and I won,,,,,,,,,,,,,,,1,,,1,,,UK,Over 35,Paddy Power
Nice shop has everything I need inside,,,,,,,1,,,,,,,,,,,,,,UK,Over 35,Paddy Power
Very easy to use and one of the best around,,,,1,,,1,,,,,,,,,,,,,,UK,Under 35,Paddy Power
Quite good ,,,,,,,,,,,,,,1,,,,,,,UK,Over 35,Paddy Power
It was easy,,,,1,,,,,,,,,,1,,,,,,,UK,Over 35,William Hill
It’s fair,,,,,,,,,,,,,,,,,,,,1,UK,Under 35,Coral
Good. nice staff,,,,,,,,,,,,,,,1,,,,,,IR,Under 35,Boyle Sports
100% bonus on accumulaters,,,,,,,,1,,,,,,,,,,,,,IR,Over 35,Boyle Sports
Friendly and professional staff,,,,,,,,,,,,,,,1,,,,,,IR,Over 35,Boyle Sports
Ease of betting and ambience was perfect,,,,,,,,,1,,1,,,,,,,,,,IR,Under 35,Ladbrokes
Customer service and cash out service is good.,,,,,,,1,,,,,,,,,,,,,,IR,Under 35,Boyle Sports
Efficient and knowledgeable staff,,,,,,,,,,,,,,,1,,,,,,IR,Over 35,Boyle Sports
thought the staff were very good and it was a warm atomosphere in the shop,,,,,,,,,,,,,,,1,,,,,,IR,Over 35,Boyle Sports
Great odds,,,,,,,,,,,,,,,,,,,1,,IR,Over 35,Ladbrokes
They are good ,,,,,,,1,,,,,,,,,,,,,,UK,Over 35,William Hill
Nearest ,,,,,,1,,,,,,,,,,,,,,,UK,Over 35,Ladbrokes
Yes they give good offers,,,,,,,1,1,,,,,,,,,,,,,UK,Over 35,Paddy Power
great customer service ,,,,,,,1,,,,,,,,,,,,,,UK,Over 35,Paddy Power
Good customer service,,,,,,,1,,,,,,,,,,,,,,UK,Over 35,Coral
I like the in store atmosphere and they have good offers,,,,,,,1,,,,1,,,,,,,,,,IR,Over 35,Paddy Power
"It is a pleasant experience with friendly, expert staff willing to advice.",,,,,,,,,,,1,,,,1,,,,,,UK,Over 35,Betfred
Staff was very helpful ,,,,,,,,,,,,,,,1,,,,,,UK,Over 35,William Hill
Because I won,,,,,,,,,,,,,,,,,,1,,,UK,Over 35,Paddy Power
easy to use service ,,,,1,,,1,,,1,,,,,,,,,,,UK,Under 35,Betfred
the customer service is eccellent,,,,,,,1,,,,,,,,,,,,,,UK,Under 35,Coral
Always exemplary service ,,,,,,,1,,,,,,,,,,,,,,UK,Over 35,William Hill
Because their gane is straight forward to me,,,,,,,,,,,,,,,,,,,,1,UK,Over 35,Coral
It’s very friendly and the atmosphere is great ,,,,,,,,,,,1,,,,,,,,,,IR,Over 35,Boyle Sports
The shop was good and the staff friendly,,,,,,,,,,,,,,,1,,,,,,UK,Over 35,Paddy Power
Good atmosphere,,,,,,,,,,,1,,,,,,,,,,UK,Over 35,William Hill
"Big winner, great odds",,,,,,,,,,,,,,,,,,1,1,,IR,Over 35,Boyle Sports
Reliable ,,1,,,,,,,,1,,,,,,1,,,,,UK,Over 35,William Hill
good space,,,,,,,,,,,,1,,,,,,,,,IR,Over 35,Boyle Sports
It's s nice place ,,,,,,1,,,,,,1,,,,,,,,,IR,Under 35,Boyle Sports
I didnt lose,,,,,,,,,,,,,,,,,,1,,,UK,Over 35,William Hill
No problems ,,,,,1,,,,,,,,,1,,,,,,,UK,Over 35,William Hill
Really helpful ,,,,1,,,1,,,,,,,,,,,,,,UK,Under 35,William Hill
A well-designed and easy-to-navigate platform makes betting more enjoyable.,,,,,,,,,1,,1,,,,,,,,,,UK,Under 35,Betfred
I had a little win,,,,,,,,,,,,,,,,,,1,,,UK,Over 35,William Hill
I was able to do the bet l wanted and my horse was placed.,,,,,,,,,,,,,,,,,,,,1,UK,Over 35,Paddy Power
stake,,,,,,,,,,,,,,,,,,,,1,IR,Under 35,Ladbrokes
They are very professional ,,,,,,,1,,,,,,,,,,,,,,UK,Over 35,Paddy Power
"Friendly staff, good location and pleasant amenities ",,,,,,,,,,,1,,,,1,,,,,,UK,Over 35,Ladbrokes
They always give Me great Service,,,,,,,1,,,,,,,,,,,,,,UK,Over 35,Paddy Power
Good  odds. Good selection of races. Good staff. ,,,,,,,,,,,,,,,1,,,,1,,IR,Over 35,Boyle Sports
Won my bet,,,,,,,,,,,,,,,,,,1,,,UK,Under 35,Ladbrokes
Because I had good service while I was in there ,,,,,,,1,,,,,,,,,,,,,,UK,Under 35,Coral
Good odds,,,,,,,,,,,,,,,,,,,1,,UK,Over 35,Ladbrokes
They do their job efficiently and civilly.,,,,,,,1,,,,,,,,,,,,,,IR,Over 35,Boyle Sports
made money,,,,,,,,,,,,,,,,,,,,1,IR,Under 35,Paddy Power
It’s good ,,,,,,,1,,,,,,,,,,,,,,UK,Under 35,William Hill
Had no problems ,,,,1,1,,,,,,,,,1,,,,,,,UK,Over 35,Betfred
Are easy to deal with ,,,,1,,,1,,,,,,,,,,,,,,UK,Over 35,Coral
I win,,,,,,,,,,,,,,,,,,1,,,UK,Over 35,Coral
Clear process and good atmosphere ,,,,,,,,,,,1,,,,,,1,,,,UK,Over 35,Betfred
It was a good experience ,,,,,,,,,,,,,,1,,,,,,,IR,Under 35,Boyle Sports
Great services ,,,,1,,,,,,1,,1,,,,,,,,,UK,Over 35,Betfred
friendly people,,,,,,,,,,,,1,,,,,,,,,UK,Under 35,Coral
Vugg,,,,,,,,,,,,,,,,,,,,1,UK,Over 35,William Hill
staff is very friendly,,,,,,,,,,,,,,,1,,,,,,IR,Over 35,Boyle Sports
The staff were knowledgeable and friendly throughout my visit,,,,,,,,,,,,,,,1,,,,,,UK,Under 35,Paddy Power
I won lots,,,,,,,,,,,,,,,,,,1,,,UK,Under 35,Ladbrokes
High quality and authentic ,,,,,,,1,,,,,,,,,,,,,,UK,Under 35,Ladbrokes
they offer the best service and are easy and complient,,,,1,,,,,,,,,,,,,,,,,UK,Under 35,Paddy Power
Because I won on the slot machine last time I was there ,,,,,,,,,,,,,,,,,,1,,,UK,Under 35,William Hill
Because I won,,,,,,,,,,,,,,,,,,1,,,UK,Under 35,Coral
Quick service ,,,,1,,,1,,,1,,,,,,,,,,,UK,Under 35,Betfred
I have not had any issues with Paddy,,,,,1,,,,,,,,,,,,,,,,UK,Under 35,Paddy Power
They provide secure bets and offers that give you a leverage so most times you are guaranteed a win,,,,,,,,,,,,,,,,,,1,,,UK,Under 35,Paddy Power
They have good odds ,,,,,,,,,,,,,,,,,,,1,,UK,Under 35,Paddy Power
The customer service was excellent,,,,,,,1,,,,,,,,,,,,,,UK,Under 35,Betfred
Better odds,,,,,,,,,,,,,,,,,,,1,,IR,Under 35,Paddy Power
staff were very good,,,,,,,,,,,,,,,1,,,,,,IR,Over 35,Boyle Sports
It’s quality.,,,,,,,,,,,,,,,,,,,,1,UK,Under 35,William Hill
Fun,,,,,,,,,,,1,,,,,,,,,,UK,Under 35,William Hill
Friendly staff always on hand to offer assistance great atmosphere,,,,,,,,,,,1,,,,1,,,,,,IR,Over 35,Boyle Sports
"I mo thuairimse, soláthraí is tarraingtí",,,,,,,,,,,,,,,,,,,,1,IR,Over 35,Ladbrokes
Great staff very friendly ,,,,,,,,,,,,1,,,1,,,,,,IR,Over 35,Boyle Sports
Good customer service ,,,,,,,1,,,,,,,,,,,,,,IR,Under 35,Boyle Sports
Good ,,,,,,,1,,,,,,,,,,,,,,IR,Over 35,Boyle Sports
Great customer service and good atmosphere in the shop,,,,,,,,,,,1,,,,,,,,,,IR,Over 35,Boyle Sports
Good staff with good odds,,,,,,,,,,,,,,,1,,,,1,,IR,Over 35,Boyle Sports
i like it.,,,,,,,,,,,,,,,,,,,,1,UK,Over 35,Coral
Shop was inviting managed to place my bet quickly,,,,,,,1,,1,,,,,,,,,,,,UK,Over 35,Betfred
Staff are very plesent ,,,,,,,,,,,,,,,1,,,,,,UK,Over 35,Coral
Helpful staff,,,,,,,,,,,,,,,1,,,,,,UK,Over 35,William Hill
It was easy to place my bet,,,,1,,,,,1,,,,,1,,,,,,,UK,Over 35,Paddy Power
"Like the shop, the staff and the ease of my placing a bet of my choice",,,,,,,,,1,,,,,,1,,,,,,UK,Over 35,Paddy Power
Helpful staff and good offers,,,,,,,,1,,,,,,,1,,,,,,UK,Under 35,William Hill
Love the experience ,,,,,,,1,,,,,,,,,,,,,,UK,Over 35,Paddy Power
The Customer nassist was friendly and helpful and the atmosphere in the shop was friendly and welcoming ,,,,,,,,,,,1,,,,,,,,,,UK,Over 35,Paddy Power
Always clean with helpful staff ,,,,,,,,,,,,,,,1,,1,,,,UK,Over 35,William Hill
Good service and good offers,,,,,,,,1,,,,,,,,,,,,,UK,Over 35,Paddy Power
Local,,,,,,1,,,,,,,,,,,,,,,UK,Over 35,Betfred
they are very friendly and helpful,,,,,,,,,,,,,,,1,,,,,,UK,Over 35,William Hill
It's OK. Losing bet that time ,,,,,,,,,,,,,,,,,,,,1,UK,Over 35,Paddy Power
"good service, could do with a clean",,,,,,,1,,,,,,,,,,1,,,,UK,Over 35,William Hill
Staff  are very cooperative ,,,,,,,,,,,,,,,1,,,,,,IR,Over 35,Boyle Sports
Friendly staff and local to me,,,,,,1,,,,,,,,,1,,,,,,UK,Over 35,William Hill
Great reliable service ,,1,,1,,,,,,,,,,,,1,,,,,UK,Over 35,Paddy Power
good store and friendly staff,,,,,,,,,,,,,,,1,,,,,,UK,Over 35,William Hill
They provide a better experience than most others,,,,,,,1,,,,,,,,,,,,,,UK,Under 35,Betfred
Good customer service,,,,,,,1,,,,,,,,,,,,,,UK,Over 35,Paddy Power
Good reputation and staff ,,,,,,,,,,,,,,,1,1,,,,,UK,Under 35,William Hill
Great staff and good atmosphere ,,,,,,,,,,,1,,,,1,,,,,,UK,Over 35,Coral
It's nearby and easy to use,,,,1,,1,,,,,,,,,,,,,,,UK,Over 35,Coral
It was for the grand national and the staff appeared well prepared and friendly ,,,,,,,,,,,,,,,1,,,,,,UK,Over 35,Coral
They have great customer service ,,,,,,,1,,,,,,,,,,,,,,UK,Under 35,William Hill
Staff are helpful and willing to have a chat. ,,,,,,,,,,,,,,,1,,,,,,UK,Under 35,Coral
It’s local and the staff are friendly ,,,,,,1,,,,,,,,,1,,,,,,UK,Over 35,Coral
Been a customer with them for years and never had any problems with them. ,,,,,1,,1,,,,,,,,,,,,,,UK,Over 35,William Hill
Clean and friendly enviroment,,,,,,,,,,,,1,,,,,1,,,,UK,Under 35,William Hill
I collected a winning bet of £2500 ,,,,,,,,,,,,,,,,,,1,,,UK,Over 35,William Hill
no issues,,,,,1,,,,,,,,,,,,,,,,UK,Over 35,William Hill
Very helpful staff,,,,,,,,,,,,,,,1,,,,,,UK,Over 35,William Hill
Good odds ,,,,,,,,,,,,,,,,,,,1,,UK,Over 35,Paddy Power
"Clean, well lit and comfortable ",,,,,,,,,,,1,1,,,,,1,,,,UK,Over 35,Paddy Power
I win,,,,,,,,,,,,,,,,,,1,,,IR,Over 35,Boyle Sports
I WON,,,,,,,,,,,,,,,,,,1,,,UK,Over 35,Paddy Power
A great ambient atmosphere with likeminded people having fun and social interactions ,,,,,,,,,,,1,,,,,,,,,,UK,Over 35,Ladbrokes
I make more than I lose ,,,,,,,,,,,,,,,,,,,,1,UK,Under 35,Coral
Because i got the best odds with them on my last bet.,,,,,,,,,,,,,,,,,,,1,,UK,Over 35,William Hill
Awesome brand,,,,,,,1,,,,,,,,,,,,,,UK,Over 35,Coral
"nice staff, good odds",,,,,,,,,,,,,,,1,,,,1,,UK,Over 35,Betfred
It's local to my house ,,,,,,1,,,,,,,,,,,,,,,UK,Over 35,William Hill
Good Odds,,,,,,,,,,,,,,,,,,,1,,UK,Over 35,Betfred
It was a experience as I won,,,,,,,,,,,,,,,,,,1,,,UK,Under 35,Betfred
Customers service is impeccable ,,,,,,,1,,,,,,,,,,,,,,IR,Under 35,Ladbrokes
Great service,,,,1,,,,,,,,,,,,,,,,,UK,Under 35,Paddy Power
No.of t.v's.plenty news papers friendly staff,,,,,,,,,,,,,,,1,,,,,,IR,Over 35,Boyle Sports
"Clean shop, helpful  staff good amount of screens",,,,,,,,,,,,,,,1,,,,,,IR,Over 35,Boyle Sports
Better odds ,,,,,,,,,,,,,,,,,,,1,,IR,Over 35,Boyle Sports
I was happy with the customer service and the staff,,,,,,,,,,,,,,,1,,,,,,IR,Over 35,Boyle Sports
It’s a very good experience and no stress,,,,,,,,,,,1,,,,,,,,,,UK,Under 35,Betfred
Excellent customer service ,,,,,,,1,,,,,,,,,,,,,,UK,Over 35,Betfred
The staff are very helpful and welcoming.,,,,,,,,,,,,,,,1,,,,,,UK,Under 35,Paddy Power
It was efficient ,,,,1,,,,,,,,,,1,,,,,,,UK,Over 35,Coral
Good customer service,,,,,,,1,,,,,,,,,,,,,,UK,Under 35,Betfred
Because I won,,,,,,,,,,,,,,,,,,1,,,UK,Over 35,Coral
Good shop clean and not too busy ,,,,,,,,,,,1,1,,,,,1,,,,UK,Over 35,Betfred
It's good my experience so far,,,,,,,1,,,,,,,,,,,,,,UK,Under 35,Paddy Power
It was a good atmosphere,,,,,,,,,,,1,,,,,,,,,,UK,Over 35,Paddy Power
"I won, and was paid out immediately",,,,,,,,,,,,,,,,,,1,,,UK,Over 35,Ladbrokes
Great availability ,,,,,,,1,,,,,,,,,,,,,,UK,Over 35,Coral
Very friendly and welcoming and congratulated me when I got a 12-1 winner,,,,,,,,,,,,,,,1,,,,,,UK,Over 35,Coral
THEY ARE OK,,,,,,,,,,,,,,,,,,,,1,UK,Over 35,Coral
Great atmosphere and friendly staff,,,,,,,,,,,1,,,,1,,,,,,UK,Over 35,Paddy Power
Always good place and good atmosphere ,,,,,,,,,,,1,,,,,,,,,,UK,Under 35,Ladbrokes
Good company ,,,,,,,1,,,,,,,,,,,,,,UK,Under 35,Ladbrokes
They are really good,,,,,,,1,,,,,,,,,,,,,,UK,Over 35,Paddy Power
Efficient and friendly,,,,1,,,,,,1,,1,,,,,1,,,,UK,Over 35,Ladbrokes
I made money,,,,,,,,,,,,,,,,,,1,,,UK,Under 35,Paddy Power
The whole experience,,,,,,,,,,,1,,,,,,,,,,UK,Over 35,Paddy Power
theis service is better than others,,,,,,,1,,,,,,,,,,,,,,IR,Under 35,Boyle Sports
Good customer service ,,,,,,,1,,,,,,,,,,,,,,IR,Over 35,Boyle Sports
miła obsługa,,,,,,,1,,,,,,,,,,,,,,IR,Over 35,Boyle Sports
"Good service, odds & wide range of markets",,,,,,,1,,,,,,,,,,,,1,,IR,Over 35,Paddy Power
There is a great atmosphere and energy inside the shop. ,,,,,,,1,,,,1,,,,,,,,,,IR,Over 35,Paddy Power
Bonuses,,,,,,,,1,,,,,,,,,,,,,IR,Over 35,Paddy Power
Brilliant customer service ,,,,,,,1,,,,,,,,,,,,,,IR,Over 35,Paddy Power
great facilities,,,,,,,1,,,,,1,,,,,,,,,IR,Over 35,Paddy Power
Hood bookmakers and great staff,,,,,,,,,,,,,,,1,,,,,,IR,Over 35,Ladbrokes
They are easy to work with,,,,1,,,,,,,,,,,,,,,,,IR,Under 35,Boyle Sports
Friendly manner ,,,,,,,,,,,,,,,,,1,,,,IR,Over 35,Ladbrokes
Friendly efficient customer service ,,,,1,,,,,,1,,,,,,,,,,,IR,Over 35,Boyle Sports
Have never encountered any problems with them,,,,,1,,1,,,,,,,,,,,,,,IR,Over 35,Boyle Sports
Good customer services ,,,,1,,,,,,,,,,,,,,,,,IR,Over 35,Boyle Sports
Bright and airy shop. Easy to place a bet,,,,,,,,,1,,,,,,,,,,,,IR,Over 35,Ladbrokes
Quality if service is good as well as good odds,,,,,,,1,,,,,,,,,,,,1,,IR,Over 35,Boyle Sports
I won ,,,,,,,,,,,,,,,,,,1,,,IR,Over 35,Ladbrokes
The girls are always good to deal with behind the counter. ,,,,,,,1,,,,,,,,,,,,,,IR,Over 35,Boyle Sports
More options ,,,,,,,,,,,,,,,,,,,,1,IR,Under 35,Ladbrokes
Customer service ,,,,,,,1,,,,,,,,,,,,,,IR,Over 35,Boyle Sports
Friendly and efficient service,,,,1,,,,,,,,1,,,,,,,,,IR,Over 35,Boyle Sports
i like the shop closest to my home,,,,,,1,,,,,,,,,,,,,,,IR,Over 35,Ladbrokes
Good atmosphere very clean nd good staff,,,,,,,,,,,1,,,,1,,1,,,,IR,Over 35,Boyle Sports
The betting shop is well laid out and is always very clean. I'm happy to place a bet here,,,,,,,,,1,,,,,,,,,,,,IR,Over 35,Boyle Sports
Good services,,,,1,,,,,,1,,1,,,,1,1,,,,IR,Over 35,Boyle Sports
I won,,,,,,,,,,,,,,,,,,1,,,IR,Over 35,Boyle Sports
Range of live sports to watch in store,,,,,,,,,,,,,,,,,,,,1,IR,Over 35,Boyle Sports
It's in a convenient location and there is rarely any hassle when placing and cashing bets ,,,,,,,,,1,,,,,,,,,,,,IR,Under 35,Boyle Sports
I was happy with it it's good,,,,,,,1,,,,,,,,,,,,,,IR,Over 35,Boyle Sports
atmoshere was great and staff very friendly,,,,,,,,,,,1,1,,,1,,,,,,IR,Over 35,Boyle Sports
Lucky for me ,,,,,,,,,,,,,,,,,,,,1,IR,Over 35,Boyle Sports
Great job ,,,,,,,,,,,,,,,,,,,,1,IR,Under 35,Ladbrokes
"I like the friendliness of the staff & customers in the betting shop, it is a unique experience.",,,,,,,,,,,,,,,1,,,,,,IR,Over 35,Ladbrokes
service,,,,,,,1,,,,,,,,,,,,,,IR,Under 35,Ladbrokes
Excellent customer service on my last visit ,,,,,,,1,,,,,,,,,,,,,,UK,Under 35,Betfred
Just know it’s reliable and consistent ,,1,,,,,,,,,,,,,,1,,,,,UK,Under 35,Paddy Power
Because its local to me and friendly ,,,,,,1,,,,,,,,,,,,,,,UK,Under 35,William Hill
It is fun,,,,,,,,,,,1,,,,,,,,,,UK,Under 35,Betfred
Because i won,,,,,,,,,,,,,,,,,,1,,,UK,Under 35,William Hill
good service,,,,,,,1,,,,,,,,,,,,,,UK,Under 35,Paddy Power
great customer service ,,,,,,,1,,,,,,,,,,,,,,UK,Under 35,Ladbrokes
Great atmosphere ,,,,,,,,,,,1,,,,,,,,,,UK,Under 35,William Hill
Providing options for betting on various sports events. Competitive odds. Live streaming and in-play betting. free bets and reliable reputation,,,,,,,,,,,,,,,,,,,1,,IR,Under 35,Ladbrokes
Very friendly and helpful ,,,,1,,,,,,,,1,,,,,,,,,UK,Under 35,William Hill
Customer service was excellent ,,,,,,,,,,,,,,1,,,,,,,UK,Under 35,William Hill
Suíomh agus éasca a imirt casino ar líne,,,,,,,,,,,,,,,,,,,,1,IR,Under 35,Ladbrokes
Great offers ,,,,,,,1,1,,,,,,,,,,,,,IR,Under 35,Boyle Sports
No issues and was quick,,,,,1,,,,,,,,,1,,,,,,,UK,Under 35,William Hill
"Customer service, odds, location.",,,,,,,1,,,,,,,,,,,,,,IR,Over 35,Paddy Power
"Good clean shops, friendly staff",,,,,,,,,,,,,,,1,,1,,,,IR,Under 35,Paddy Power
I bet on the grand national every year and Paddy Powers is local and easy to place a bet at,,,,,,,,,,,,,,,,,,,,1,IR,Over 35,Paddy Power
I won ,,,,,,,,,,,,,,,,,,1,,,IR,Under 35,Ladbrokes
Trustworthy ,,1,,,,,1,,,,,,,,,1,,,,,IR,Over 35,Paddy Power
Cuz they very good at there job ,,,,,,,1,,,,,,,,,,,,,,IR,Under 35,Paddy Power
The machine was quick to take the bet,,,,,,,,,,,,,,,,,,,,1,UK,Under 35,Ladbrokes
Good hospitality and got €50 in free bets,,,,,,,1,,,,,,,,,,,,,,IR,Under 35,Boyle Sports
I like the environment ,,,,,,,,,,,1,1,,,,,,,,,IR,Under 35,Boyle Sports
Good customer service ,,,,,,,1,,,,,,,,,,,,,,IR,Over 35,Boyle Sports
No long queues friendly staff,,,,,,,,,,,,,,,1,,,,,,IR,Over 35,Ladbrokes
good place,,,,,,,,,,,,1,,,,,,,,,UK,Under 35,Betfred
Is soláthraí suímh níos fearr é,,,,,,,,,,,,,,,,,,,,1,IR,Under 35,Ladbrokes
Good staff,,,,,,,,,,,,,,,1,,,,,,IR,Under 35,Ladbrokes
Sílim gurb é an tseirbhís léirithe suímh is fearr,,,,,,,,,,,,,,,,,,,,1,IR,Under 35,Ladbrokes
Cinneadh sochair ar líne éasca agus an-tarraingteach,,,,,,,,,,,,,,,,,,,,1,IR,Under 35,Ladbrokes
Is maith liom é agus bain sult as,,,,,,,,,,,,,,,,,,,,1,IR,Under 35,Ladbrokes
It only takes me less than a minute to get there and the staff are nice.,,,,,,,,,,,,,,,1,,,,,,UK,Over 35,Ladbrokes
Great brand,,,,,,,1,,,,,,,,,,,,,,UK,Over 35,William Hill
Easy bet ,,,,1,,,,,,,,,,,,,,,,,UK,Under 35,Paddy Power
i won ,,,,,,,,,,,,,,,,,,1,,,UK,Under 35,Coral
It was solid,,,,,,,,,,,,,,,,,,,,1,UK,Under 35,William Hill
"The experience was pleasant , friendly.",,,,,,,,,,,1,,,1,,,,,,,IR,Under 35,Ladbrokes
I won some money,,,,,,,,,,,,,,,,,,1,,,UK,Under 35,William Hill
Just quick and easy,,,,1,,,,,,,,,,1,,,,,,,UK,Under 35,Paddy Power
they are fair,,,,,,,,,,,,,,,,,,,,1,UK,Under 35,William Hill
it was good went well,,,,,,,,,,,,,,1,,,,,,,UK,Under 35,Ladbrokes
It was quick and easy to place my bet and the customer service assistant was really helpful ,,,,,,,,,1,,,,,,,,,,,,UK,Over 35,Paddy Power
Was fun ,,,,,,,,,,,1,,,,,,,,,,UK,Under 35,Ladbrokes
It was welcoming and I profited the most from this one. A lot of my mates go there as well,,,,,,,,,,,,,,,,,,,,1,UK,Under 35,Betfred
Easy to use and good prices and deals,,,,1,,,,1,,,,,,,,,,,,,UK,Under 35,Ladbrokes
I won,,,,,,,,,,,,,,,,,,1,,,UK,Under 35,Ladbrokes
It’s best place for placeing bet,,,,,,,,,1,,,,,,,,,,,,UK,Under 35,William Hill
Made prophit,,,,,,,,,,,,,,,,,,,,1,UK,Under 35,Betfred
They do it do it good for you ,,,,,,,1,,,,,,,,,,,,,,UK,Under 35,Ladbrokes
I like it ,,,,,,,,,,,,,,,,,,,,1,UK,Under 35,Ladbrokes
Good customer service ,,,,,,,1,,,,,,,,,,,,,,UK,Under 35,Paddy Power
"The shop was easy to access, helpful staff & clean",,,,1,,,,,,,,1,,,1,,,,,,UK,Over 35,Ladbrokes
great range of bets,,,,,,,,,,,,,,,,,,,1,,UK,Over 35,Paddy Power
Nice experience ,,,,,,,1,,,,,1,,,,,,,,,UK,Under 35,Paddy Power
Great shop environment,,,,,,,,,,,1,1,,,,,,,,,IR,Under 35,Boyle Sports
They are helpful ,,,,,,,1,,,,,,,,,,,,,,UK,Under 35,Paddy Power
Excellent service ,,,,1,,,,,,1,,1,,1,,,,,,,UK,Over 35,Paddy Power
their service is very good,,,,,,,1,,,,,,,,,,,,,,UK,Over 35,Coral
It is very refreshing.,,,,,,,,,,,,,,,,,,,,1,UK,Over 35,Betfred
Friendly staff ,,,,,,,,,,,,,,,1,,,,,,UK,Over 35,Ladbrokes
Great customer care,,,,,,,1,,,,,,,,,,,,,,IR,Under 35,Ladbrokes
I won doe,,,,,,,,,,,,,,,,,,1,,,UK,Under 35,Betfred
I like the atmosphere and staff. Even though I didn't win..,,,,,,,,,,,1,,,,1,,,,,,UK,Over 35,Paddy Power
Good staff ,,,,,,,,,,,,1,,,1,,,,,,IR,Under 35,Paddy Power
Easy to place bet and watch racing,,,,1,,,,,1,,,,,,,,,,,,UK,Over 35,Ladbrokes
Yea and coffee for free good staff good odds bingo and virtual ,,,,,,,,,,,,,,,1,,,,,,UK,Under 35,Betfred
Great customer service,,,,,,,1,,,,,,,,,,,,,,UK,Over 35,Ladbrokes
Always give good odds,,,,,,,,,,,,,,,,,,,1,,UK,Over 35,Paddy Power
Good odds ,,,,,,,,,,,,,,,,,,,1,,UK,Over 35,Ladbrokes
It's secure ,,,,,,,,,,,,,,,,1,,,,,UK,Over 35,Paddy Power
Simple experience ,,,,1,,,,,,,,,,,,,,,,,UK,Under 35,Paddy Power
Like it alot,,,,,,,,,,,,,,,,,,,,1,UK,Over 35,Ladbrokes
They give out great customer service and enjoyable to be in,,,,,,,,,,,1,,,,,,,,,,UK,Under 35,Ladbrokes
"Pleasant staff, clean and organised",,,,,,,,,,,1,1,,,1,,1,,,,UK,Over 35,Betfred
Nicely set out shops comfortable enviroment ,,,,,,,,,,,1,1,,,,,,,,,UK,Over 35,Coral
great offers,,,,,,,,1,,,,,,,,,,,,,UK,Over 35,Paddy Power
Atmosphere,,,,,,,,,,,1,,,,,,,,,,UK,Over 35,Betfred
Good experience ,,,,,,,1,,,,,,,,,,,,,,IR,Under 35,Paddy Power
Everything went as needed,,,,,,,,,,,,,,1,,,,,,,IR,Under 35,Boyle Sports
Excellent customer service and clean tidy shops,,,,,,,,,,,,,,,,,1,,,,UK,Over 35,Coral
"It was quick , clear and the staff were very pleasant ",,,,1,,,,,,,1,,,,1,,,,,,IR,Under 35,Paddy Power
Great staff very friendly ,,,,,,,,,,,,1,,,1,,,,,,IR,Under 35,Boyle Sports
"A smile when you walk in, always if they can help you ",,,,,,,1,,,,,,,,,,,,,,UK,Over 35,Coral
"My local Ladbrokes is twenty feet away from the front door of the building where my flat is. Also, earlier this year they refurbished the whole store including the outside. The staff are great and easy to deal with.",,,,,,,,,,,,,,,1,,,,,,UK,Over 35,Ladbrokes
Friendly customer staff,,,,1,,,,,,,,,,,1,,,,,,UK,Over 35,Betfred
It's just another being shop,,,,,,,,,,,,,,,,,,,,1,UK,Over 35,Coral
It has always worked for me ,,,,,,,,,,,,,,,,,,,,1,UK,Over 35,Ladbrokes
Never had a problem ,,,,,1,,1,,,,,,,,,,,,,,UK,Over 35,Betfred
I like coral,,,,,,,,,,,,,,,,,,,,1,UK,Over 35,Coral
"Because they always give you the best odds, look after your bets and make sure you’re lgiven the best odds for your money ",,,,,,,,,,,,,,,,,,,1,,UK,Over 35,Betfred
Very friendly staff,,,,,,,,,,,,,,,1,,,,,,IR,Over 35,Ladbrokes
It was fine but smelled a bit funny,,,,,,,,,,,1,,,,,,,,,,IR,Under 35,Paddy Power
Not the cleanest,,,,,,,,,,,,,,,,,1,,,,IR,Under 35,Paddy Power
welcoming environment and professionalism,,,,,,,,,,,1,,,,,,,,,,IR,Under 35,Boyle Sports
Diverse Betting opportunities,,,,,,,,,,,,,,,,,,,,1,IR,Under 35,Paddy Power
Ods were as expected ,,,,,,,,,,,,,,,,,,,,1,UK,Over 35,Ladbrokes
I only use ig to put my Irish lottery on twice a week,,,,,,,,,,,,,,,,,,,,1,UK,Over 35,Betfred
"simple to bet, easy access",,,,1,,,,,1,,,,,,,,,,,,IR,Under 35,Paddy Power
Tá seirbhís mhaith agus luach níos fearr,,,,,,,,,,,,,,,,,,,,1,IR,Over 35,Ladbrokes
Easy to understand ,,,,1,,,,,,,,,,,,,,,,,IR,Under 35,Boyle Sports
Go hiontach is éifeacht fuaime níos fearr é,,,,,,,,,,,,,,,,,,,,1,IR,Over 35,Ladbrokes
I thing is so like it,,,,,,,,,,,,,,,,,,,,1,IR,Under 35,Ladbrokes
Cosúil é níos fearr agus léirithe,,,,,,,,,,,,,,,,,,,,1,IR,Over 35,Ladbrokes
"The staff are always friendly, it is well organised and efficiently run",,,,,,,,,,,,,,,1,,,,,,UK,Over 35,Ladbrokes
"Local betting shop, great friendly staff",,,,,,,,,,,,,,,1,,,,,,UK,Over 35,William Hill
Bet there often with no problem ,,,,,1,,,,,,,,,,,,,,,,UK,Over 35,William Hill
Convenient stores,,,,,,,,,,,,,,,,,,,,1,UK,Over 35,Ladbrokes
Good shop ,,,,,,,,,,,1,,,,,,,,,,IR,Over 35,Ladbrokes
Good customer service and knowledgeable ,,,,,,,1,,,,,,,,,,,,,,UK,Over 35,Coral
I feel comfortable going in this shop ,,,,,,,1,,,,1,,,,,,,,,,UK,Over 35,Paddy Power
I won,,,,,,,,,,,,,,,,,,1,,,UK,Over 35,Betfred
Great offers and good prices ,,,,,,,1,1,,,,,,,,,,,,,UK,Over 35,William Hill
Its very easy to put a bet on,,,,1,,,,,1,,,,,,,,,,,,UK,Over 35,William Hill
Quick and easy ,,,,1,,,,,,1,,,,1,,,,,,,UK,Over 35,Paddy Power
LONG QUEUES BUT FRIENDLY STAFF,,,,,,,,,,,,,,,1,,,,,,UK,Over 35,Ladbrokes
"Well I was able to put on my bet with no hassle, got good odds and the people were friendly ",,,,,,,,,1,,,,,,,,,,1,,IR,Over 35,Boyle Sports
I had a win,,,,,,,,,,,,,,,,,,1,,,IR,Over 35,Paddy Power
As. They are ,,,,,,,,,,,,,,,,,,,,1,UK,Over 35,William Hill
No problem in shop with Boyles...just hate their website,,,,,,,,,,,,,,,,,,,,1,IR,Over 35,Boyle Sports
Done my bet no problems ,,,,,1,,,,,,,,,,,,,,,,IR,Over 35,Paddy Power
I’m going on my ,,,,,,,,,,,,,,,,,,,,1,UK,Under 35,Paddy Power
Only one I use as don’t like yo have lots different accounts ,,,,,,,,,,,,,,,,,,,,1,UK,Over 35,Paddy Power
Customer Service Ok,,,,,,,1,,,,,,,,,,,,,,UK,Over 35,William Hill
Good fun,,,,,,,,,,,1,,,,,,,,,,UK,Under 35,William Hill
Great company,,,,,,,,,,,,,,,,,,,,1,UK,Over 35,William Hill
great staff,,,,,,,,,,,,,,,1,,,,,,UK,Over 35,William Hill
It was fine I had no problems. Was fun,,,,,1,,,,,,1,,,1,,,,,,,UK,Under 35,Ladbrokes
Welcoming ,,,,,,,,,,,,,,,,,,,,1,UK,Over 35,William Hill
They are a good company ,,,,,,,1,,,,,,,,,,,,,,IR,Under 35,Boyle Sports
No reason ,1,,,,,,,,,,,,,,,,,,,,UK,Over 35,Betfred
Easy to place bets,,,,1,,,,,1,,,,,,,,,,,,UK,Over 35,Betfred
Nice atmosphere in shop and bets for all to see in shop,,,,,,,,,,,1,,,,,,,,,,IR,Over 35,Paddy Power
Customer servis good and best prices,,,,,,,1,,,,,,,,,,,,,,UK,Over 35,Coral
Friendly staff,,,,1,,,,,,,,,,,1,,,,,,IR,Under 35,Paddy Power
Friendly staff and welcoming atmosphere,,,,,,,,,,,1,,,,1,,,,,,IR,Over 35,Paddy Power
Good attention and nice surroundings,,,,,,,,,,,1,1,,,,,1,,,,UK,Over 35,Coral
"It was easy, staff were helpful ",,,,1,,,,,,,,,,,1,,,,,,UK,Over 35,Paddy Power
everyone was so helpful I needed help with the money situation. They always came to my side.,,,,,,,,,,,,,,,1,,,,,,UK,Under 35,Paddy Power
They are a reliable company,,1,,,,,1,,,,,,,,,1,,,,,IR,Under 35,Paddy Power
I won,,,,,,,,,,,,,,,,,,1,,,UK,Over 35,Paddy Power
I won money ,,,,,,,,,,,,,,,,,,1,,,IR,Under 35,Paddy Power
Helpful to customers,,,,,,,1,,,,,,,,,,,,,,IR,Over 35,Paddy Power
"Smooth transaction, pleasant and helpful staff, good odds. ",,,,,,,,,,,1,,,,1,,,,1,,UK,Over 35,Betfred
"Quick service,  office was clean and tidy. Staff were efficient ",,,,,,,,,,,,,,,1,,1,,,,IR,Over 35,Paddy Power
Easy to use,,,,1,,,,,,,,,,,,,,,,,UK,Over 35,William Hill
Helpful staff ,,,,,,,,,,,,,,,1,,,,,,UK,Over 35,Ladbrokes
I won my bet,,,,,,,,,,,,,,,,,,1,,,UK,Under 35,Ladbrokes
had no problems,,,,,1,,,,,,,,,1,,,,,,,IR,Over 35,Paddy Power
Straightforward to place a bet and the location of the shop is convenient ,,,,1,,,,,1,,,,,,,,,,,,IR,Under 35,Paddy Power
i like it,,,,,,,,,,,,,,,,,,,,1,IR,Over 35,Paddy Power
prices,,,,,,,,,,,,,,,,,,,,1,IR,Over 35,Paddy Power
Quick service,,,,1,,,1,,,,,,,,,,,,,,IR,Over 35,Paddy Power
The employees behind the counter were really nice. The store was tidy and not too overcrowded,,,,,,,,,,,,,,,1,,,,,,IR,Under 35,Paddy Power
They are very reasonable with their prices and they have good betting odds and payouts.,,,,,,,,,,,,,,,,,,,1,,IR,Under 35,Paddy Power
Quality customer service ,,,,,,,1,,,,,,,,,,,,,,IR,Over 35,Boyle Sports
Friendly staff ,,,,,,,,,,,,,,,1,,,,,,IR,Over 35,Ladbrokes
They have free games ,,,,,,,,,,,,,,,,,,,,1,IR,Over 35,Ladbrokes
I think the staff is friendly and helpful,,,,,,,,,,,,,,,1,,,,,,IR,Over 35,Boyle Sports
Got the best pricez,,,,,,,1,,,,,,,,,,,,,,IR,Over 35,Boyle Sports
The premises are comfortable and well laid out,,,,,,,,,,,1,1,,,,,,,,,IR,Over 35,Boyle Sports
Clean shop,,,,,,,,,,,,,,,,,1,,,,IR,Under 35,Boyle Sports
Very easy to place a bet and very helpful staff and very easy to redeem winnings.,,,,1,,,,,1,,,,,,1,,,,,,IR,Under 35,Ladbrokes
Easy layout ,,,,1,,,,,,,,,,,,,,,,,IR,Under 35,Boyle Sports
The odds are veery bad,,,,,,,,,,,,,,,,,,,1,,IR,Over 35,Ladbrokes
Easy to do,,,,1,,,,,,,,,,,,,,,,,IR,Under 35,Boyle Sports
Great services of staff,,,,,,,,,,,,,,,1,,,,,,IR,Over 35,Ladbrokes
Is soláthraí an-éasca é an suíomh seo,,,,,,,,,,,,,,,,,,,,1,IR,Over 35,Ladbrokes
Its a very nice place to bet and they value my custom.,,,,,,,,,,,,,,,,,,,,1,IR,Over 35,Boyle Sports
is was betting on the euros ,,,,,,,,,,,,,,,,,,,,1,IR,Over 35,Boyle Sports
Friendly staff ,,,,,,,,,,,,,,,1,,,,,,IR,Over 35,Boyle Sports
"It's near where I live, I like their services",,,,,,1,1,,,,,,,,,,,,,,IR,Under 35,Boyle Sports
Good atmosphere and friendly staff ,,,,,,,,,,,1,,,,1,,,,,,IR,Over 35,Boyle Sports
offering bonus ,,,,,,,,1,,,,,,,,,,,,,IR,Over 35,Boyle Sports
Nice and clean and staff were great ,,,,,,,,,,,,1,,,1,,1,,,,IR,Over 35,Boyle Sports
Quick withdrawals and also a lot of free bonuses ,,,,,,,,,,,,,1,,,,,,,,IR,Under 35,Ladbrokes
Tá soláthraí suímh éagsúla maith agus luachmhar,,,,,,,,,,,,,,,,,,,,1,IR,Over 35,Ladbrokes
Good experience and customer service ,,,,,,,,,,,1,,,,,,,,,,IR,Under 35,Ladbrokes
I didn't have any issues with them,,,,,1,,,,,,,,,,,,,,,,IR,Under 35,Ladbrokes
Is fearr airgead a infheistiú,,,,,,,,,,,,,,,,,,,,1,IR,Over 35,Ladbrokes
Quick service ,,,,1,,,1,,,1,,,,,,,,,,,IR,Over 35,Ladbrokes
Very friendly staff,,,,,,,,,,,,,,,1,,,,,,IR,Over 35,Ladbrokes
"Good winnings and playing games, slots ",,,,,,,,,,,,,,,,,,1,1,,IR,Under 35,Ladbrokes
Great customer service ,,,,,,,1,,,,,,,,,,,,,,IR,Under 35,Ladbrokes
Helpful staff,,,,,,,,,,,,,,,1,,,,,,IR,Under 35,Ladbrokes
Great staff and environment with great machines and easy to place bets and redeem winnings.,,,1,,,,,,,,1,,,,1,,,,,,IR,Under 35,Ladbrokes
It was easy to place the bet,,,,1,,,,,1,,,,,1,,,,,,,UK,Over 35,Betfred
Friendly staff,,,,1,,,,,,,,,,,1,,,,,,UK,Over 35,Ladbrokes
DECENT ATMOSTPHERE & FRIENDLY STAFF,,,,,,,,,,,1,,,,1,,,,,,UK,Over 35,Coral
Best odds of wins,,,,,,,,,,,,,,,,,,,1,,UK,Over 35,Coral
Productive,,,,,,,,,,,,,,,,,,,,1,UK,Over 35,William Hill
Good deals and a regular ,,,,,,,,1,,,,,,,,,,,,,UK,Over 35,Paddy Power
I won,,,,,,,,,,,,,,,,,,1,,,UK,Over 35,Coral
Faster payouts,,,,,,,,,,,,,1,,,,,,,,UK,Over 35,Coral
placed the bet I wanted so was satisfied,,,,,,,,,,,,,,,,,,,,1,UK,Over 35,Coral
Staff was friendly and it was easy to place the bet,,,,,,,,,1,,,,,,1,,,,1,,UK,Over 35,William Hill
They have good service ,,,,,,,,,,1,,,,,,,,,,,UK,Over 35,Betfred
Great customer service and quick pay out ,,,,,,,,,,,,,1,,,,,,,,UK,Over 35,Paddy Power
Nice staff ,,,,,,,,,,,,1,,,1,,,,,,UK,Over 35,William Hill
There friendly and Easy to understand ,,,,1,,,,,,,,,,,,,,,,,UK,Over 35,Coral
Trustworthy and good customer service,,1,,,,,,,,,,,,,,1,,,,,UK,Over 35,William Hill
They have good customer service and it is easy to place bets with them,,,,,,,1,,1,,,,,,,,,,,,UK,Over 35,Ladbrokes
"Used coral for many years, never had any problems.",,,,,,,,,,,,,,,,,,,,1,UK,Over 35,Coral
They are really genuine and open ,,,,,,,,,,,,,,,,,,,,1,UK,Under 35,Ladbrokes
Easy to place bets,,,,1,,,,,1,,,,,,,,,,,,UK,Over 35,Coral
good experience,,,,,,,1,,,,,,,,,,,,,,UK,Over 35,Betfred
Good ambience to play ,,,,,,,,,,,1,1,,,,,,,,,UK,Over 35,Ladbrokes
Like it,,,,,,,,,,,,,,,,,,,,1,UK,Over 35,Coral
Friendly and efficient service ,,,,1,,,,,,1,,1,,1,,,,,,,UK,Over 35,Paddy Power
The location and people ,,,,,,,,,,,,1,,,,,,,,,UK,Over 35,Ladbrokes
Great ,,,,,,,,,,,,,,,,,,,,1,UK,Over 35,William Hill
Excellent loyal customer service ,,,,,,,,,,,,,,,,1,,,,,UK,Over 35,Ladbrokes
personal choice,,,,,,,,,,,,,,,,,,,,1,UK,Over 35,Coral
I had a good experience and felt satisfied ,,,,,,,,,,,,,,1,,,,,,,UK,Over 35,Ladbrokes
A variety of different ways to bet convenient and easy to use the website really great customer service ,,,,,,,1,,1,,,,,,,,,,,,UK,Under 35,Ladbrokes
friendly,,,,,,,,,,,,,,,1,,,,,,UK,Over 35,Coral
Staff are always friendly ,,,,,,,,,,,,,,,1,,,,,,UK,Over 35,Betfred
Straight forward.,,,,,,,,,,,,,,,,,,,,1,UK,Over 35,Ladbrokes
Nice atmosphere ,,,,,,,,,,,1,,,,,,,,,,IR,Under 35,Ladbrokes
It has a nice invirement and the staff are nice,,,,,,,,,,,1,1,,,1,,,,,,UK,Over 35,Paddy Power
Organized place,,,,,,,,,,,,,,,,,,,,1,IR,Over 35,Ladbrokes
I won,,,,,,,,,,,,,,,,,,1,,,IR,Under 35,Ladbrokes
Great staff,,,,,,,,,,,,,,,1,,,,,,IR,Over 35,Ladbrokes
It was busy the day I attended,,,,,,,,,,,,,,,,,,,,1,IR,Over 35,Ladbrokes
a pleasant experience ,,,,,,,,,,,1,1,,1,,,,,,,IR,Over 35,Ladbrokes
Caighdeán níos fearr agus iontach,,,,,,,,,,,,,,,,,,,,1,IR,Over 35,Ladbrokes
Is soláthraí an-tarraingteach é,,,,,,,,,,,,,,,,,,,,1,IR,Over 35,Ladbrokes
Soláthraí éagsúla agus léirithe suímh,,,,,,,,,,,,,,,,,,,,1,IR,Over 35,Ladbrokes
